pressure,freq,total_power_input,compressor_p_input,displacer_p_input,comp_disp,disp_comp_st,disp_amp,cold_temp,cooling_power,carnot
28.2,57.4,33.35,24.25,5.041,47.8,6.7643,4.7179,95.4598717,2.268037,9.9737107761
28.2,57.4,54.23,53.17,3.838,53.7,7.3014,3.9071,79.27570604,1.215618,7.1360617163
28.2,57.5,40.95,45.32,1.106,45.6,7.9802,3.4263,86.82788371,2.412545,12.7546937753
28.2,57.5,85.12,78.9,4.274,48.1,8.7148,4.1338,83.10347681,3.375644,13.440387135
28.2,57.6,80.03,76.86,4.02,44.7,8.3604,4.017,86.11356519,2.752757,12.2001465929
28.2,57.6,82.16,78.07,5.352,50.8,8.1064,4.0879,75.94267591,1.773255,8.7216535644
28.2,57.7,100.18,89.1,7.864,51.8,8.6929,4.6071,78.16180533,2.981319,11.3082419084
28.2,57.7,31.19,33.64,1.095,36.2,7.7137,3.4716,89.93958624,2.323305,13.1734188486
28.2,57.7,63.72,59.96,3.43,45.9,8.1133,3.8217,82.68902904,2.302311,10.2836809591
28.2,57.9,108.03,94.21,10.346,44.9,8.7391,4.5735,71.54546031,2.471703,9.2031275766
28.2,57.9,36.27,37.06,1.364,37.8,7.4217,4.0038,83.81447902,1.456772,9.5747808256
28.2,57.9,60.19,56.53,5.705,51.6,7.5321,3.6039,77.61825491,1.545858,9.1493512486
28.2,57.9,63.6,58.58,3.695,44.4,7.3297,4.2553,77.35079869,1.400119,7.3752308114
28.2,57.9,69.6,67.8,3.623,44.4,8.3872,4.2313,95.13766053,3.382409,13.7973801778
28.2,57.9,75.55,74.84,3.417,44.3,8.6036,4.2092,79.60224528,2.586864,11.2172627166
28.2,57.9,77.27,67.58,10.038,51.4,8.0454,4.5431,80.25801477,2.187593,9.2330935284
28.2,57.9,78.29,70.8,8.797,54.9,7.2678,4.0664,74.43066455,1.053621,5.6325503948
28.2,57.9,89.51,85.05,3.148,40.4,8.3884,3.9498,77.32595224,2.095983,9.8691792602
28.2,58.0,51.85,47.01,3.825,46.0,6.6516,4.1491,89.07497323,1.913752,9.6863611247
28.2,58.0,55.46,55.95,2.091,37.8,8.0221,3.8871,81.14347326,1.885232,10.389179416
28.2,58.0,77.68,73.94,6.144,48.1,8.4884,4.2285,86.59508726,2.979613,12.5341682436
28.2,58.0,84.39,75.02,5.446,45.5,8.1167,5.0469,86.75475872,2.951058,12.4787703204
28.2,58.0,88.11,81.85,3.913,42.8,8.3634,4.0046,82.77588288,2.756348,12.8147116432
28.2,58.0,93.17,80.57,8.318,57.7,8.1874,3.7236,70.3055672,1.777359,10.087920895
28.2,58.1,29.55,24.25,1.268,39.1,5.7337,3.8009,79.48131785,0.264103,7.656382976
28.2,58.1,32.64,34.21,1.331,32.8,7.9823,4.679,93.21251402,3.025347,15.095963
28.2,58.1,41.51,35.01,4.294,41.6,6.3701,4.8119,70.03067002,0.537133,6.7018128329
28.2,58.1,62.73,62.1,2.602,43.0,7.7815,3.7454,77.30776059,1.396415,8.9522773818
28.2,58.1,80.71,78.21,3.125,45.7,8.7363,3.6281,84.7001469,3.319878,13.5553750235
28.2,58.2,29.55,24.25,0.94,35.3,7.1494,3.429,94.97335143,2.313962,11.3610806585
28.2,58.2,50.14,47.64,2.663,34.3,7.942,4.2637,85.345866,2.29329,12.4273057454
28.2,58.2,89.48,78.99,11.688,59.6,7.8555,4.0676,87.93020331,2.700643,8.4901941866
28.2,58.2,90.72,81.74,8.633,46.0,8.4367,4.3863,88.43024207,3.162185,12.1554185752
28.2,58.3,44.09,48.15,1.667,44.0,6.8735,3.6073,85.32833562,1.039054,9.0379708557
28.2,58.3,52.54,49.97,2.812,43.0,7.8173,3.8735,76.7191343,1.379597,8.7552179517
28.2,58.3,66.55,58.13,6.413,49.8,6.4899,4.5608,90.14359844,2.068803,10.0043937584
28.2,58.3,77.8,71.22,6.172,43.7,7.9418,4.7378,80.58035333,2.197234,11.160439083
28.2,58.3,83.29,70.4,8.302,41.7,7.6496,5.0883,70.90422327,1.49438,7.8502890007
28.2,58.4,48.11,44.6,5.057,45.4,7.1744,4.4498,77.71103154,1.458145,8.7458888896
28.2,58.4,48.17,47.71,1.687,34.7,7.8571,3.8582,76.75929317,0.994296,7.6183633094
28.2,58.4,54.48,57.64,1.35,44.1,7.8484,3.4814,92.00285131,2.331188,9.9406625279
28.2,58.4,65.87,57.83,7.651,53.7,6.7178,3.9942,93.54626749,1.845639,8.6121547169
28.2,58.4,85.8,75.72,8.018,52.4,8.069,3.8664,95.81342636,2.698988,10.3113376939
28.2,58.5,46.92,45.15,2.38,38.7,7.7637,3.9753,76.01165586,1.171981,8.7699875949
28.2,58.5,49.32,42.33,5.703,43.3,6.6498,4.8082,78.00308737,1.19615,8.639745577
28.2,58.5,51.23,50.24,1.962,43.7,7.9343,3.3775,89.19755489,2.299289,10.7303668845
28.2,58.5,65.95,62.26,3.019,40.2,7.7548,3.928,82.50438151,1.789018,8.5055091724
28.2,58.5,84.86,71.67,10.862,49.3,7.7373,5.0008,85.63525064,2.807702,11.0567185512
28.2,58.5,91.62,78.17,10.024,47.6,7.1441,5.2613,71.99524254,0.803722,5.6671109865
28.2,58.6,47.42,47.84,1.889,33.6,7.371,3.9087,73.08227196,0.611163,7.7568333618
28.2,58.6,52.94,48.88,4.085,42.8,6.9241,4.5708,89.95660522,1.708798,9.3417665985
28.2,58.6,54.8,48.85,4.324,43.2,7.4052,4.3589,95.96671217,1.805603,9.2663441273
28.2,58.6,75.62,67.98,7.134,52.0,8.0942,3.7285,83.80059413,1.828262,8.3982034979
28.2,58.6,96.84,87.25,7.496,44.4,8.2531,4.853,87.37224859,2.853576,11.0297543944
28.2,58.7,60.04,56.02,1.842,32.4,7.7109,4.3276,74.92493264,1.720137,9.9629461655
28.2,58.7,64.4,63.2,4.674,47.7,7.7288,3.5454,84.36135708,1.925878,10.2363112614
28.2,58.7,67.13,57.9,7.671,41.9,7.3992,4.8279,81.09059124,1.553934,9.0570597256
28.2,58.7,67.52,65.66,4.727,48.3,7.335,3.9503,83.96979265,1.90026,9.4124608358
28.2,58.7,67.68,62.38,4.188,34.8,8.1323,4.8306,76.35143473,1.775924,8.3825395432
28.2,58.7,69.75,67.02,4.735,48.8,8.0711,3.6004,96.27172078,3.045223,11.4280897029
28.2,58.7,70.3,64.24,4.967,45.6,8.0407,4.0432,79.31599859,2.006528,10.6609968844
28.2,58.7,71.28,64.9,5.787,49.5,7.5666,4.6529,93.55478226,2.782325,12.1183058424
28.2,58.7,83.32,78.42,4.3,42.7,8.2163,3.7778,89.11849131,2.832962,12.0489884351
28.2,58.8,59.43,54.11,5.486,41.9,7.777,4.9884,91.03226628,2.417188,11.0459642949
28.2,58.8,62.0,52.38,6.789,42.0,7.2808,5.0912,83.47293057,1.87712,10.3613001115
28.2,58.8,62.24,59.27,4.46,49.3,7.34,4.1752,80.57717968,2.079095,10.249074443
28.2,58.9,71.34,69.46,2.236,40.1,8.2692,3.6423,76.99601729,1.859036,9.0214377393
28.2,58.9,71.45,68.62,5.903,40.4,8.2402,4.3763,77.56000269,2.241897,10.619108477
28.2,58.9,73.35,67.02,5.219,42.8,8.3791,4.3481,91.29889711,2.736852,13.1939219634
28.2,58.9,83.27,77.12,6.397,51.8,8.1224,3.7628,79.60346441,2.433463,10.5142690679
28.2,58.9,84.6,79.69,6.78,46.2,8.259,4.0505,73.45657106,1.389341,6.8151171936
28.2,59.0,104.79,94.81,6.308,43.9,8.9114,4.3347,79.62111126,3.372809,12.442727983
28.2,59.0,61.85,60.63,3.269,44.1,8.0875,3.7194,85.99782256,2.71095,11.5882586187
28.2,59.0,71.83,69.09,4.555,42.7,8.2554,4.3785,82.27758607,2.678568,13.725940531
28.2,59.0,83.7,74.2,8.853,48.2,8.185,4.5665,81.53405295,2.410641,10.8274182996
28.2,59.1,100.77,92.48,7.299,55.9,8.3585,3.4737,79.94366683,2.692398,11.0255897414
28.2,59.1,29.92,24.72,2.609,34.3,6.7805,4.3284,88.04604356,1.531641,8.8931490653
28.2,59.1,52.05,54.04,2.212,38.6,7.9773,4.0723,84.09107524,1.921055,9.779317728
28.2,59.1,57.45,52.73,7.185,57.6,6.2873,3.7345,93.84767686,2.087555,9.8333006621
28.2,59.1,58.37,51.32,3.988,41.9,7.5441,4.0301,89.74252735,2.499104,11.1535285056
28.2,59.1,67.45,65.26,4.158,45.3,7.7116,3.8753,87.38856809,2.909835,12.7087773526
28.2,59.1,78.72,68.6,7.703,44.9,7.8846,3.9192,85.85585961,2.090372,9.0618717769
28.2,59.1,91.89,80.9,8.044,53.0,8.5814,3.6121,87.6453884,3.057999,12.5662160492
28.2,59.3,104.97,92.81,10.875,43.6,8.7718,4.8091,96.47257609,4.403346,14.752167927
28.2,59.3,31.56,24.25,5.661,40.2,5.8334,4.7162,86.6761431,1.046786,8.4525819438
28.2,59.3,38.45,28.23,5.334,43.1,5.9673,3.8855,85.76578322,0.860771,7.7501136463
28.2,59.3,52.17,47.76,3.232,43.2,7.7628,4.2921,82.28259109,1.704745,8.0617806759
28.2,59.3,85.93,78.86,7.057,51.7,8.0329,3.3252,83.5724634,2.140449,8.8397315564
28.2,59.3,90.81,80.0,8.393,42.7,8.463,5.0263,84.06341484,2.684502,11.197514423
28.2,59.4,43.95,51.86,0.94,33.6,8.2454,3.519,79.41679148,1.783893,9.3484291059
28.2,59.4,67.77,68.88,2.326,39.7,8.452,3.539,84.22125737,2.558392,10.8966280386
28.2,59.4,69.69,62.94,5.591,45.4,7.2607,4.4704,79.76480214,1.744339,10.9432713959
28.2,59.4,72.22,70.11,4.347,41.3,8.0204,3.8902,83.72601423,2.162557,9.9471753229
28.2,59.4,76.06,69.64,5.473,43.1,8.2307,4.4026,79.91096333,2.520734,11.2129810397
28.2,59.4,86.69,81.19,6.775,49.8,8.5586,3.5331,82.61902147,2.622175,9.1944055463
28.2,59.5,110.48,96.93,12.969,50.7,8.5571,4.7224,75.66916567,2.520703,9.9535911154
28.2,59.5,29.55,24.25,3.952,44.8,6.082,3.7937,104.30532152,1.966733,10.7101423747
28.2,59.5,51.7,48.97,3.802,46.3,6.2608,3.7074,81.42246048,0.935497,7.2979151586
28.2,59.5,65.33,59.86,5.245,41.9,7.2554,4.3518,77.83454723,1.397144,6.6554026401
28.2,59.5,71.01,65.56,4.271,38.0,8.4002,4.6884,83.82080557,2.859441,11.0956932796
28.2,59.5,74.27,68.27,3.859,39.9,8.1407,3.7508,87.65156016,2.627394,10.2750524223
28.2,59.5,94.96,83.21,11.746,51.7,7.9153,3.8586,72.65003078,1.624131,8.0756958733
28.2,59.6,68.84,62.91,8.875,51.6,7.1468,4.1029,92.75039451,2.181715,9.9870533387
28.2,59.6,70.11,65.79,4.919,44.2,7.8062,3.9357,79.57852824,1.618959,9.5785176428
28.2,59.6,86.2,85.74,2.715,33.9,9.0562,4.0061,81.97200859,3.3374,12.2733940133
28.2,59.6,93.08,84.98,8.007,46.9,8.5215,3.8802,79.01504532,2.565206,9.3405814489
28.2,59.7,49.47,48.93,3.006,39.6,7.4743,3.8761,89.72058597,1.865062,10.7803632116
28.2,59.7,65.57,64.78,5.01,41.7,7.6272,3.9577,75.50307248,1.504004,8.5034086609
28.2,59.7,67.57,62.91,7.725,49.2,7.4284,4.3235,90.18037843,2.801846,12.0451672453
28.2,59.7,74.3,68.49,6.833,53.6,8.1594,3.4532,90.16448994,2.788095,11.0294480328
28.2,59.7,85.83,73.49,14.664,60.5,6.3704,4.2959,88.56380915,2.377757,9.6982234095
28.2,59.7,88.38,80.04,8.622,45.1,8.757,4.0349,85.08324792,2.972565,10.3639657002
28.2,59.7,96.07,85.68,7.724,42.2,8.6,4.2503,74.85019695,2.341635,9.6395369031
28.2,59.8,62.74,57.66,4.392,41.2,8.301,4.0569,88.83611426,2.388083,10.5417056168
28.2,59.8,65.41,57.23,6.077,47.5,7.3963,4.0311,91.24446544,2.260533,11.665003977
28.2,59.8,76.19,66.79,7.139,41.5,8.2719,4.2714,75.19506185,1.885267,9.9766619544
28.2,59.8,85.68,77.8,7.609,42.2,8.4657,4.5237,77.64994982,2.41571,9.3782418952
28.2,59.8,90.75,83.0,8.389,55.1,7.6388,3.8245,80.81543795,2.314852,8.7182548135
28.2,59.9,103.66,92.53,8.526,47.5,8.6765,4.201,70.94885972,2.384981,9.1646518048
28.2,59.9,84.28,72.7,12.797,56.6,7.0777,3.999,83.45182421,1.903389,8.8788682398
28.2,59.9,85.22,72.23,7.41,42.2,7.7103,4.956,89.27018749,3.111598,13.3545878955
28.2,59.9,86.35,76.59,9.411,53.3,7.9129,3.8853,80.46283338,2.203504,10.0206154466
28.2,60.0,34.34,34.73,2.487,38.7,6.8065,3.9952,89.37972148,1.069135,7.994634863
28.2,60.0,35.26,32.85,1.682,31.8,6.4748,3.4818,73.79031074,0.407869,7.2825506389
28.2,60.0,68.8,62.09,3.964,34.1,8.272,4.1168,93.89400037,2.552138,11.1063776692
28.2,60.0,69.8,66.91,2.193,36.2,8.2035,3.3888,75.52964813,1.882773,9.4465520671
28.2,60.0,75.42,62.05,12.448,49.5,6.5776,4.5944,77.08533293,1.059763,7.7765859354
28.2,60.0,78.93,68.77,13.471,52.8,7.7562,4.6212,98.54608469,2.9495,11.5763403154
28.2,60.0,85.07,76.49,7.087,49.1,7.2234,3.9075,78.51604884,1.371745,6.8908032978
28.2,60.0,91.57,85.41,6.593,40.4,8.1651,4.3258,74.7324748,1.739738,8.5832676845
28.2,60.0,99.65,88.12,12.072,50.9,8.5824,3.7224,88.91903312,3.696013,13.3975589854
28.2,60.1,101.7,88.43,14.278,49.8,8.3562,4.0914,75.46011427,1.455659,6.2069069157
28.2,60.1,44.51,35.85,3.422,44.8,6.9803,3.7791,92.76447776,1.838637,11.2282452811
28.2,60.1,66.98,56.88,6.962,47.4,6.9413,4.0509,72.21644756,0.86449,8.2118327961
28.2,60.1,80.64,72.93,9.555,53.1,7.2695,4.1435,86.11728466,2.08548,8.8670297071
28.2,60.1,84.05,75.36,8.689,50.9,8.1575,3.6987,77.30104281,2.393812,11.5393502394
28.2,60.1,98.46,83.76,12.543,48.7,8.2133,4.6991,81.53578572,3.023353,11.4402127562
28.2,60.2,49.81,52.82,2.228,40.5,7.0233,3.9138,89.98908431,1.62198,9.5351762803
28.2,60.2,72.06,68.91,4.94,45.3,7.5754,3.8205,83.58910503,2.200943,9.1527920745
28.2,60.2,86.12,78.66,8.936,48.5,7.8658,4.0897,84.21168824,2.271863,8.660299269
28.2,60.3,62.55,59.91,4.68,40.1,7.3154,4.2008,83.22546273,1.596352,9.5182209175
28.2,60.3,68.05,67.72,3.606,36.2,8.2573,4.2143,79.7522992,2.016869,9.8961473648
28.2,60.3,77.81,67.73,8.479,46.9,7.6042,4.2525,80.54041963,1.703399,7.4166196361
28.2,60.3,82.06,77.94,3.711,43.0,8.3885,3.564,73.98884066,1.92912,8.0259267226
28.2,60.3,84.18,77.05,7.477,45.6,8.39,4.3684,88.16339062,3.311509,12.1433744843
28.2,60.4,35.45,27.14,6.487,43.2,6.0215,4.9584,82.66271937,1.242396,8.2217298282
28.2,60.4,43.93,37.24,4.945,45.1,6.3973,4.2163,101.00925865,2.178193,10.506890855
28.2,60.4,70.01,56.4,9.805,45.4,7.0703,4.6797,81.06750956,1.830252,9.3499873761
28.2,60.5,67.93,60.57,7.397,53.7,7.4998,3.837,88.64600276,2.390573,10.4026916958
28.2,60.5,72.13,68.85,4.617,44.7,7.9669,3.7009,82.61655228,2.593127,10.9892682297
28.2,60.5,75.42,70.15,5.614,35.9,8.0714,4.3203,74.90848767,1.905396,10.4345285635
28.2,60.5,85.96,79.31,5.364,38.7,8.205,4.3326,73.64543838,1.759652,10.1961002401
28.2,60.6,43.1,40.53,3.384,40.5,7.2361,4.32,93.88585089,2.471618,11.3949112163
28.2,60.6,60.83,58.48,5.445,42.2,7.5434,3.663,94.38485333,2.454313,9.0434561882
28.2,60.6,61.07,55.08,3.658,40.4,7.0262,3.6209,83.85792004,1.606435,9.7717026713
28.2,60.6,73.31,66.27,6.416,39.8,7.8919,4.142,86.81863632,2.169821,8.8589100704
28.2,60.6,87.0,83.99,2.858,34.1,8.4984,3.5858,76.02833104,2.339695,10.659463757
28.2,60.6,89.15,78.06,12.34,52.4,7.5145,4.5935,72.41582598,1.135423,5.9355915308
28.2,60.7,80.37,74.47,7.958,50.9,7.4422,3.9243,76.41106923,1.430679,5.9242799932
28.2,60.7,83.19,76.65,6.185,41.5,8.5015,3.9168,89.40925613,3.701014,13.6393330368
28.2,60.7,83.24,74.86,9.476,51.1,7.5253,4.4099,79.34695243,2.345079,10.5670234778
28.2,60.7,90.56,81.08,11.654,51.6,7.7826,4.1942,69.20089417,1.462841,7.3845397883
28.2,60.7,96.51,86.21,8.636,41.1,8.8224,4.2428,83.23796413,3.1022,9.7176709614
28.2,60.8,43.53,42.29,2.268,32.8,7.8339,4.421,75.78079777,1.049422,9.5745612783
28.2,60.8,63.84,58.87,5.396,42.7,7.6656,3.9663,90.27737762,1.972763,7.8992597844
28.2,60.8,64.81,60.16,2.745,36.5,7.5319,3.9192,89.66740073,1.856163,9.7349995686
28.2,60.8,72.62,69.09,2.973,32.8,8.7186,3.7301,74.60106241,1.842954,8.6292203508
28.2,60.8,97.45,84.74,12.888,45.0,8.1473,4.8818,73.70807017,2.047132,8.7598567063
28.2,60.9,75.57,67.46,5.072,41.6,7.9424,3.6677,81.76349014,2.032934,9.8995857017
28.2,61.0,46.09,45.77,2.63,38.4,7.2418,3.7518,94.05087538,1.830997,9.3432871327
28.2,61.0,70.24,66.46,4.903,41.8,8.6785,3.648,76.14431329,2.393938,11.4633937534
28.2,61.0,80.64,69.45,11.574,46.0,7.0966,4.6649,82.3325557,1.900658,9.1975168439
28.2,61.1,54.47,56.42,3.109,45.4,7.6237,3.3067,80.25413882,1.265729,6.6047446261
28.2,61.1,58.37,56.98,2.421,35.5,8.1598,3.8164,84.13074821,2.197785,9.9015539589
28.2,61.1,58.58,56.56,2.888,32.7,7.7077,4.5696,82.32626592,1.680523,9.0188237431
28.2,61.1,78.41,71.69,9.911,44.5,7.7295,4.4723,93.00805023,2.533571,9.2350644259
28.2,61.2,69.17,61.44,8.081,45.8,6.6917,4.335,77.13850716,1.567122,10.7935393051
28.2,61.2,84.4,75.9,7.644,44.0,8.1152,4.0162,78.60155591,1.92545,9.5752106678
28.2,61.3,86.11,74.23,13.296,55.8,7.7741,4.0433,90.00422148,2.595563,8.4771593252
28.2,61.3,92.58,82.15,7.613,44.4,8.5569,3.9104,81.15202178,3.009473,12.1676293962
28.2,61.3,97.41,89.14,6.876,37.1,8.6205,4.3722,72.83688714,2.256199,10.2253587787
28.2,61.4,69.35,66.15,6.016,47.1,7.3425,3.4335,81.73139968,1.773844,7.7107528784
28.2,61.4,71.63,63.06,10.594,52.2,7.5379,4.1723,92.03574164,2.530378,10.3659597094
28.2,61.4,75.41,69.67,7.507,41.6,7.477,5.0737,81.29871369,1.773779,7.7878751137
28.2,61.4,77.35,73.39,5.828,43.9,7.9824,4.096,86.80080939,2.831095,13.1770187235
28.2,61.4,88.88,78.57,10.694,53.6,8.1537,3.6112,90.74666266,3.276409,11.587273634
28.2,61.4,93.55,83.98,10.585,47.4,7.9857,4.6226,80.06572546,1.865129,7.6342664445
28.2,61.5,36.89,33.47,3.539,41.8,6.4556,4.0156,89.53073101,1.748228,9.3017521617
28.2,61.5,82.09,78.72,6.016,44.7,8.052,3.6551,83.46045308,2.216602,11.1744251395
28.2,61.5,84.45,76.48,8.958,50.8,8.1048,3.811,77.44248715,2.13177,9.7235539008
28.2,61.5,85.81,77.83,7.504,50.2,7.643,4.1104,86.97833857,2.61481,11.3161620895
28.2,61.6,49.49,41.88,5.209,50.1,6.515,3.4524,91.68804327,1.484055,7.271480137
28.2,61.6,67.44,64.41,5.696,45.1,7.1956,3.8853,85.18627202,1.667696,9.4496885905
28.2,61.6,70.25,61.55,5.976,42.6,7.8036,4.017,83.31672908,2.258904,11.1896347054
28.2,61.6,72.99,70.02,5.672,40.5,7.482,3.5784,80.05121402,1.434106,7.6394136001
28.2,61.6,78.58,72.41,6.945,48.5,7.7289,3.9992,83.20770775,2.844936,11.7451611527
28.2,61.6,81.03,76.09,3.693,39.5,7.9618,4.0116,80.29712799,2.112519,10.4654644415
28.2,61.7,102.01,88.69,10.662,38.3,8.6232,5.2308,75.53071726,2.562487,9.417445231
28.2,61.7,70.1,63.86,3.841,40.8,7.9724,3.7447,85.94890763,2.092026,8.2247430609
28.2,61.7,79.61,71.63,9.065,45.2,8.5338,4.5065,93.01502585,3.455169,12.158583718
28.2,61.7,82.48,72.41,10.84,48.6,7.8114,3.9002,84.47070691,2.08247,9.0839027806
28.2,61.7,89.9,79.69,9.673,45.2,8.0673,4.5497,86.71621834,2.945963,11.9850952228
28.2,61.8,108.72,93.17,17.388,45.3,8.5508,5.2414,83.94453491,3.064854,9.9065569847
28.2,61.8,63.45,60.37,5.379,45.6,7.503,3.5329,72.52079592,0.995269,6.5828486207
28.2,61.8,79.01,75.49,4.906,43.6,8.4141,3.593,73.91046682,1.851794,10.7654639756
28.2,61.8,84.23,72.65,11.546,45.7,7.9515,4.4503,89.64339185,2.80938,10.9275846922
28.2,61.9,77.85,67.54,11.005,54.2,7.0125,4.3842,75.99023696,1.506138,7.7353445296
28.2,61.9,84.37,81.52,3.273,38.6,8.7843,3.3906,74.35378903,2.538805,11.0856639955
28.2,62.0,44.73,39.08,3.875,33.1,6.4905,4.4597,83.99476541,1.555212,9.8671016577
28.2,62.0,58.75,53.39,4.927,39.3,6.8993,4.6688,83.68190435,1.613847,8.0797874609
28.2,62.0,90.64,75.87,13.486,49.3,8.0472,4.9035,79.45242767,2.223217,10.3643063381
28.2,62.1,35.85,38.32,1.204,31.1,7.5676,3.5299,80.92228667,1.849717,12.0307974491
28.2,62.1,46.05,42.64,4.679,35.2,6.8668,4.3542,77.37210379,1.005475,7.3203229077
28.2,62.1,72.76,64.24,10.766,49.7,7.4685,4.1116,83.39233283,1.964487,8.5999275539
28.2,62.2,32.14,26.38,3.043,32.9,6.5247,4.3249,75.23682568,1.083901,8.7797711369
28.2,62.2,45.0,37.0,7.503,46.3,6.3339,3.6715,86.30777422,1.050799,6.6651219858
28.2,62.2,64.32,61.99,4.716,42.4,7.92,3.8795,85.46568865,2.210923,10.1885990997
28.2,62.2,64.78,65.28,3.963,39.3,7.8124,3.7151,81.88631365,2.00769,9.5631911688
28.2,62.3,45.65,43.12,2.99,31.2,7.3173,4.5276,88.48743498,2.5804,12.5447715697
28.2,62.3,46.4,46.59,3.401,40.8,6.7707,3.7453,89.17577463,1.927404,11.8659492737
28.2,62.3,55.76,50.26,6.04,41.9,7.2466,4.3057,95.08937709,2.70383,11.1531161092
28.2,62.3,71.83,66.13,6.98,42.6,7.9517,3.9051,82.86626515,2.144895,9.8250711409
28.2,62.3,92.5,83.01,11.031,47.6,7.6297,4.6764,84.39171758,1.988726,8.2923498628
28.2,62.4,64.33,64.64,2.344,36.0,7.8008,4.1297,81.99237795,1.937418,10.5499142979
28.2,62.4,80.59,70.72,9.521,48.0,7.6914,3.8695,80.07458569,2.170558,9.38647773
28.2,62.4,86.02,80.07,7.384,40.4,8.2911,4.2556,70.78121517,2.034332,9.3646638966
28.2,62.5,71.31,62.91,6.454,33.0,7.6022,4.7314,95.93088434,2.804686,11.9180383463
28.2,62.5,80.58,71.07,12.183,50.3,7.2558,4.1159,75.57047978,1.345321,4.9549184804
28.2,62.5,93.58,84.74,10.676,45.2,8.0847,4.2261,86.51263947,2.834998,11.1227112929
28.2,62.6,113.16,99.56,12.934,50.9,8.7658,3.7354,78.40192696,3.367246,11.2723251875
28.2,62.6,52.07,48.37,3.0,33.8,7.5251,3.8823,85.97798406,2.183908,11.590744657
28.2,62.6,55.45,52.99,5.928,44.8,7.1349,3.6535,68.71235767,0.390834,4.6146770647
28.2,62.6,75.12,70.57,5.584,48.5,7.7842,3.9175,82.73472387,2.704429,10.6862317838
28.2,62.6,76.89,68.93,8.224,47.5,7.2827,4.0015,84.36673432,1.857003,9.0387470132
28.2,62.6,87.55,80.19,6.352,35.4,8.8909,4.1029,79.13415485,2.748261,9.6225103043
28.2,62.6,87.9,78.14,11.544,54.0,7.3256,3.5014,87.61898754,2.093746,9.0301649002
28.2,62.7,79.49,68.07,12.952,47.0,6.6913,4.4607,78.52406561,0.8491,5.2510447016
28.2,62.7,86.78,78.54,9.136,45.9,7.6504,3.9135,79.16033705,1.531309,8.3397620072
28.2,62.8,97.95,87.75,13.296,55.0,8.2221,3.5513,78.27006208,2.663045,9.4116168188
28.2,62.9,81.62,75.89,5.21,44.1,8.1519,3.4785,91.70362686,2.773763,10.9667951034
28.2,63.0,53.67,51.93,3.9,33.2,7.8118,4.8587,85.16574157,2.289649,10.2445981171
28.2,63.0,96.03,87.74,6.612,44.7,8.5818,3.5118,80.49577003,3.003692,13.0914836425
28.2,63.1,55.71,51.42,3.233,32.4,6.9275,4.2267,73.55124813,0.710912,8.082080211
28.2,63.1,74.6,70.43,5.063,38.7,7.9757,4.0029,67.97233999,0.82395,4.8279289022
28.2,63.2,82.44,74.45,9.242,43.5,7.141,4.4025,75.83257224,0.893073,3.0858625662
28.2,63.2,89.15,77.88,11.105,49.9,7.622,3.5322,86.20533784,2.314369,10.0106186327
28.2,63.3,88.36,78.2,11.348,43.6,8.1878,4.3777,80.61974316,2.248974,8.2868391977
28.2,63.4,93.16,81.78,14.985,55.0,7.7982,3.9121,81.09969434,2.497774,8.7455256374
28.2,63.5,97.11,84.85,15.066,55.2,7.5681,4.4123,92.43611916,3.545415,12.4868106009
28.2,63.5,98.23,89.36,8.238,47.7,8.552,3.673,81.94087374,3.356823,13.2513571637
28.2,63.6,69.96,67.59,5.421,39.9,7.5684,4.0282,87.07504962,2.086386,9.4672263848
28.2,63.6,78.15,70.36,8.075,49.1,8.0765,3.3846,75.09575705,2.222546,9.0881175713
28.2,63.7,64.6,60.53,5.526,39.0,6.632,3.9017,75.43678624,0.504172,3.3494489892
28.2,63.9,109.57,97.22,12.198,42.3,8.8159,4.6783,77.68398387,3.232645,12.1850740638
28.2,63.9,72.94,65.69,6.024,36.1,8.0789,3.9682,84.28926897,2.410528,11.0244322131
28.2,64.1,101.02,84.0,16.394,53.4,7.1722,4.2903,77.36212208,2.003276,8.1222644314
28.2,64.1,73.17,67.46,9.315,48.4,7.6744,3.7026,85.57436641,1.998455,7.9566249663
28.2,64.3,92.21,86.09,7.698,42.3,8.5361,4.1687,76.74924342,2.279425,9.4037755089
28.2,64.7,111.29,98.86,12.465,45.1,8.7012,4.4143,85.67699634,3.850603,12.5645300728
28.2,64.8,72.4,63.49,10.04,48.1,6.6753,4.1684,79.63376541,1.858266,9.4593834964
28.2,64.8,96.36,86.78,12.912,46.8,8.2787,4.2913,92.45243049,3.358108,11.6154336342
28.2,64.9,74.56,66.74,11.293,47.3,7.0545,4.2399,92.27458233,2.644849,10.7896304405
28.2,64.9,82.95,75.86,8.072,42.0,8.2051,4.2012,81.78003602,2.698095,11.1788363412
28.2,64.9,91.56,84.46,9.364,46.7,8.2552,3.6132,83.1450371,2.656754,10.6882916365
28.2,65.0,117.61,102.73,16.665,55.0,8.4931,3.7618,75.93380049,2.939421,9.4445572513
28.2,65.2,57.19,56.14,5.677,43.8,6.9191,3.4788,85.71740222,1.862354,8.0458220212
28.2,65.5,76.16,64.98,10.34,43.3,7.7917,4.0214,83.94891625,1.929439,9.0425763714
28.2,65.6,110.53,95.97,16.634,49.8,8.2142,4.3786,82.7178261,3.19918,11.8158761468
28.2,65.6,96.98,84.32,15.303,57.9,7.7967,3.5182,79.06152809,2.214069,6.4465136524
28.2,66.1,64.43,56.01,8.032,40.7,6.2637,4.1002,73.93403074,0.529617,5.5109753022
28.2,66.7,70.12,67.32,3.305,32.7,8.0956,3.6238,85.8137071,2.332185,10.7927641448
28.2,66.8,95.9,78.68,20.075,52.1,6.9025,4.4853,87.94433871,2.186453,8.9919416752
28.2,67.5,92.8,86.21,4.845,33.8,8.3602,3.3721,74.47535908,2.073231,10.1701854854
28.2,67.6,110.96,95.99,13.201,41.1,8.3901,4.0023,66.93705498,1.899074,7.2618166604
28.2,69.7,113.95,99.15,15.52,44.5,8.5968,4.1554,79.81968114,3.037221,10.2193685315
28.3,57.4,42.2,36.83,1.94,46.7,7.6546,3.3264,84.01331326,1.802298,11.8779451211
28.3,58.0,73.76,73.94,1.268,34.3,8.4303,4.0628,76.04029368,1.987416,11.226463536
28.3,58.1,68.88,61.21,6.017,41.1,7.9532,5.493,86.34388208,2.519102,13.1025102596
28.3,58.1,70.75,65.72,2.675,38.7,8.1497,4.4786,75.48409761,2.348381,11.8049735301
28.3,58.2,78.36,71.0,4.009,33.6,8.485,4.6989,83.6508912,2.967341,12.6875709207
28.3,58.9,67.98,60.72,5.26,47.2,7.1337,3.8953,92.36249429,2.3795,13.3414804514
28.3,58.9,86.37,71.65,11.628,48.4,7.6904,4.4176,86.73865438,2.6118,10.0868850137
28.3,59.0,47.54,41.93,4.344,51.6,6.8372,3.8269,87.41239348,2.213073,12.3153420417
28.3,59.0,47.84,47.02,2.835,47.5,6.8592,3.7495,92.92526183,2.157139,10.5476300179
28.3,59.0,79.52,73.01,4.859,42.5,8.0693,4.0183,80.56185727,2.142956,10.0863141496
28.3,59.1,101.81,89.92,10.694,47.0,8.2171,4.7942,74.83296545,2.032087,7.7086210149
28.3,59.1,66.62,56.34,8.342,46.4,7.5072,5.0257,73.33106574,1.146429,8.7476083314
28.3,59.4,74.97,67.24,7.109,46.2,7.2152,4.4096,79.33785572,1.423495,8.2510380423
28.3,59.4,79.02,74.9,3.954,43.8,7.9614,3.595,92.4482896,2.493321,11.8201414422
28.3,59.5,79.99,68.07,9.937,47.0,7.1136,4.3073,78.04183983,2.075425,11.2205044835
28.3,59.8,87.25,75.6,10.222,52.7,7.3497,4.2632,76.30173912,1.797959,9.0390596742
28.3,59.9,65.52,64.52,2.913,41.1,7.8719,3.9106,84.74689236,2.512702,11.3582925396
28.3,60.0,63.92,60.24,5.368,41.9,7.608,3.7306,83.67961942,1.959701,7.9905077986
28.3,60.0,99.15,86.98,10.427,46.7,8.1202,4.1318,71.84956827,1.804993,7.7879922048
28.3,60.1,114.49,99.7,13.127,46.7,8.7616,4.5239,73.81209674,2.690012,7.636423117
28.3,60.4,74.37,63.5,10.793,55.7,6.5881,3.7134,87.07199478,1.470597,8.6554151687
28.3,60.6,107.75,91.33,15.908,52.8,8.452,4.0397,80.05388229,2.905525,10.5380438537
28.3,60.6,83.78,77.06,6.948,41.0,8.4461,4.2068,89.52956347,2.978996,12.3968989068
28.3,60.6,84.41,77.68,6.701,39.8,8.0204,4.0285,72.808039,1.255158,7.0386977779
28.3,60.7,70.53,68.1,3.395,46.2,7.7179,3.5528,76.04272421,1.846462,9.7601538005
28.3,60.8,78.67,71.34,8.783,48.6,7.5935,4.1317,97.90012135,3.197298,12.9807685631
28.3,60.9,72.83,65.78,5.005,33.1,7.7922,4.5601,78.28952328,1.631957,9.3873774117
28.3,60.9,75.3,71.77,3.229,33.2,8.4779,4.5151,80.82336741,2.812709,12.1403944845
28.3,60.9,80.61,71.21,9.386,49.1,7.5055,4.3979,81.59260758,2.088086,9.7273249486
28.3,60.9,88.11,80.47,6.75,43.2,8.0447,3.8708,75.9909097,2.087742,10.3156125374
28.3,61.0,77.99,71.55,4.799,37.5,8.4863,4.4512,77.22491224,2.501284,11.3953334934
28.3,61.0,99.53,87.45,11.113,42.6,8.194,4.4642,84.81828158,2.744031,9.6636358867
28.3,61.2,100.66,88.22,10.954,47.0,7.7063,4.8166,80.11575777,1.991578,7.8911112939
28.3,61.4,104.77,94.18,7.108,42.2,8.8426,3.6862,83.93922381,3.413527,13.6358663571
28.3,61.4,99.16,90.41,8.804,46.9,8.8916,3.8044,88.80265476,4.261692,15.095963
28.3,61.5,93.7,83.53,12.061,49.7,7.7207,4.5327,92.68094033,2.852777,11.0214612761
28.3,61.6,59.98,48.97,9.939,51.7,5.3828,3.9927,91.79656418,1.34053,6.6675194497
28.3,61.6,62.65,54.01,7.241,40.1,6.8346,4.9901,94.64657441,2.118968,10.2085642676
28.3,61.7,74.2,65.72,10.886,52.5,6.8637,3.7286,73.98105259,1.089416,4.8793253751
28.3,61.7,85.92,82.05,4.577,31.9,8.6361,4.2347,80.39821261,2.500944,9.3999707993
28.3,62.0,88.86,81.41,7.716,47.3,7.876,3.7303,90.50225893,2.78466,11.3718749863
28.3,62.1,45.27,52.77,1.11,29.0,7.756,3.7514,75.63824059,1.058156,7.27516625
28.3,62.2,74.63,66.72,6.988,42.3,7.7172,3.9865,83.44199568,2.164069,9.8064634098
28.3,62.3,112.22,99.3,12.202,53.4,8.6238,3.6126,82.52960777,3.103505,11.0723955225
28.3,62.3,76.3,70.8,5.593,36.7,8.2953,4.4124,78.52591457,2.70114,12.6867440105
28.3,62.3,90.3,77.41,12.142,46.2,7.6077,4.5625,79.14562834,2.300599,9.3325136661
28.3,62.4,99.1,87.32,15.919,52.9,8.3467,4.1164,91.8253175,3.400176,11.2814109225
28.3,62.6,29.55,26.34,1.804,39.1,6.4662,3.18,97.49550252,2.226195,10.4376680838
28.3,62.6,70.83,67.53,4.963,39.8,7.7005,4.2529,103.49006593,3.116761,12.2437940674
28.3,62.6,88.06,78.41,8.74,38.8,8.3891,4.3782,80.19570539,2.680405,9.8733171768
28.3,62.7,89.29,78.79,10.386,47.4,7.295,3.8281,78.14730691,1.782605,7.4797038694
28.3,62.9,84.02,75.96,6.151,39.7,7.7699,4.7711,70.36884244,1.471081,9.23568346
28.3,62.9,85.7,82.27,4.044,36.4,8.455,3.4452,76.42732235,2.207326,10.3752500294
28.3,63.1,99.92,87.79,10.374,50.3,8.163,3.8533,76.20009739,2.136685,8.8351705969
28.3,63.3,81.23,75.05,7.803,40.1,7.7119,4.0567,83.28669126,2.011633,8.7659392281
28.3,63.4,87.45,75.28,12.983,50.3,7.4557,4.0695,74.38943708,1.870717,6.8946221894
28.3,63.5,95.23,84.78,10.849,42.2,8.3354,4.9721,87.98233216,3.162661,10.6481926479
28.3,64.0,58.08,50.89,9.213,53.7,6.2341,3.7943,95.75044598,2.056193,8.9786533056
28.3,64.2,91.04,77.07,14.184,49.2,7.5211,4.0923,81.58198073,2.386553,9.4171339871
28.3,65.0,91.85,82.23,8.673,45.0,8.152,3.9798,81.34006345,2.832767,9.222523818
28.3,65.1,92.75,79.1,10.714,37.8,8.3853,4.6983,82.33355522,2.795061,11.4115186546
28.3,65.2,94.3,81.65,13.592,42.8,7.9828,5.0849,85.33088405,2.565024,9.8096992992
28.3,67.1,88.53,77.14,13.942,49.0,7.0628,3.7171,74.08595419,1.120778,7.607530173
28.3,67.9,86.23,77.38,10.197,31.7,8.1769,5.3803,85.60419267,2.454057,9.4825300276
28.4,58.2,63.88,59.68,2.611,35.6,8.0659,4.4002,77.67674934,1.522836,8.9649352128
28.4,58.3,53.01,44.89,5.677,51.8,6.9982,3.5016,82.63854659,1.597159,8.5077897834
28.4,58.4,69.83,71.54,1.44,33.6,8.4441,3.4965,72.35927902,1.940624,9.0385579347
28.4,59.3,47.82,37.97,5.571,45.4,6.3519,3.6126,87.6367575,1.466599,9.8539216253
28.4,59.9,107.14,90.68,17.094,51.1,8.3377,4.3914,80.73952418,2.857001,10.5931565763
28.4,59.9,108.01,95.61,10.591,47.8,8.8771,4.4957,86.19636683,3.436228,11.1220875098
28.4,60.0,57.99,58.28,1.964,36.7,7.9057,3.6665,84.93821965,1.962069,10.1679050724
28.4,60.1,102.74,93.01,9.558,51.4,8.4675,3.5844,78.02464209,2.609165,9.9268198729
28.4,60.1,76.47,73.81,2.697,43.1,8.0087,3.5412,79.81449153,2.876017,13.7448990946
28.4,60.3,75.21,68.94,7.342,39.2,7.9352,4.4346,77.15240534,1.756142,7.3312556549
28.4,60.4,69.31,65.56,4.928,40.3,7.5328,4.0925,81.36015973,2.379238,10.9038461072
28.4,60.5,76.8,63.74,8.553,41.0,7.4722,4.559,81.18454523,2.289782,10.908043798
28.4,60.6,84.06,73.04,9.906,44.5,8.2635,4.2202,90.05409316,3.184886,10.8943939179
28.4,60.7,57.87,54.48,4.547,41.0,7.2219,3.9079,95.08439731,2.700068,11.8403081729
28.4,61.3,74.11,72.7,2.921,40.9,7.9986,3.5709,84.05528541,2.54264,11.4121982578
28.4,61.3,83.36,78.77,5.635,43.7,8.4138,4.2762,84.79373975,2.460948,10.0619360808
28.4,61.5,105.23,94.14,10.381,48.4,8.3918,3.4662,80.08241072,2.51366,9.3858901993
28.4,61.7,79.23,67.23,11.797,49.1,7.3529,4.7476,81.87554202,2.28598,10.7700091439
28.4,61.9,101.82,89.4,11.177,45.6,8.7121,4.1798,78.7099643,2.776375,9.9932653346
28.4,62.0,84.19,77.11,7.565,43.0,8.1301,4.1336,80.67601439,2.414484,10.223864857
28.4,62.2,88.13,77.79,8.184,43.8,7.5163,4.3244,79.42394695,2.178613,8.7215614323
28.4,62.6,92.74,82.7,8.956,49.5,7.8927,3.7275,81.17371305,2.027019,9.9029186782
28.4,62.8,84.24,75.26,8.698,41.4,7.9686,4.4055,74.08572292,2.042041,9.1701398897
28.4,63.3,76.47,72.69,4.736,37.1,8.4617,3.4921,74.12020709,1.978515,9.3370439758
28.4,63.4,90.83,79.38,8.994,46.3,7.5953,4.1072,74.74735359,1.504844,8.1144035704
28.4,63.5,101.41,90.88,9.943,38.3,8.5248,4.8823,78.71267811,2.546971,8.8340183236
28.4,64.8,103.85,92.13,12.578,48.2,8.2863,3.9076,71.91333186,1.70364,6.2974754599
28.4,65.6,74.5,69.95,7.962,47.3,7.8394,3.6007,84.12340103,1.759834,7.0588651317
28.5,58.5,65.64,61.51,4.021,44.3,6.5886,3.891,79.11640048,1.036752,7.7651853327
28.5,58.6,59.45,58.9,2.816,38.8,8.0454,4.0819,98.70852032,3.405698,13.9530463536
28.5,59.2,67.48,62.27,4.122,46.3,7.4036,3.6713,75.03776715,1.181237,7.5465455558
28.5,59.3,92.54,85.67,6.115,43.0,8.1691,4.2449,72.05195232,1.763105,9.0145680714
28.5,59.7,103.32,92.92,9.449,44.2,8.2672,4.3022,82.93900921,2.721189,10.8190654678
28.5,59.8,98.9,86.88,7.96,40.9,8.4582,4.48,71.52319922,2.568698,12.7063017314
28.5,60.7,53.24,50.89,3.332,34.7,7.4587,4.1905,76.60202947,1.791938,10.4936914849
28.5,61.9,106.88,94.66,12.14,49.2,8.6448,4.3888,73.86791668,2.416997,8.698933354
28.5,61.9,73.83,68.42,3.976,38.9,8.1965,3.799,77.85530681,2.488541,12.2132873534
28.5,62.1,91.5,83.15,11.341,51.3,7.4638,3.6353,75.47756372,1.604509,7.5441796166
28.5,62.2,102.02,93.56,5.758,43.6,8.6679,3.5529,84.18512814,3.562338,14.0490353105
28.5,62.2,95.75,86.88,5.868,30.6,8.3846,4.5974,80.3588251,2.518284,12.927151224
28.5,62.3,74.99,65.73,8.153,40.9,7.4668,4.4733,73.24396433,1.036208,6.0637057699
28.5,62.7,94.36,85.22,9.121,42.6,7.6775,4.6571,78.79140566,2.186109,8.9713973058
28.5,62.7,95.46,83.27,9.508,46.2,8.1599,3.7976,76.67252403,2.205042,8.7094741345
28.5,62.8,60.14,48.03,9.219,38.7,6.6361,5.0006,84.744536,1.293513,6.1053219827
28.5,63.0,105.53,92.96,12.44,49.0,8.2657,3.9498,75.48942015,2.156428,8.8744163035
28.5,64.4,103.09,91.39,10.351,44.9,8.2012,4.2296,90.74657545,3.515243,12.4884603042
28.5,64.5,95.9,86.64,6.87,41.8,8.475,3.7908,74.95750908,2.301608,8.9439320965
28.5,64.7,98.7,82.86,17.484,45.2,8.0778,4.8813,90.79186545,3.066653,9.4353659896
28.5,64.8,110.22,94.09,18.197,46.3,8.4463,5.2047,83.37011301,3.045532,8.7669977985
28.5,66.2,96.03,82.16,14.561,52.0,6.9346,3.6487,81.90975201,1.598855,7.2339185323
28.5,66.5,90.73,81.46,11.515,46.8,7.6114,3.7504,74.95963685,1.490713,5.5787178343
28.5,67.0,103.62,90.09,13.593,45.2,7.7048,4.315,80.96524293,2.262682,8.7822072249
28.5,67.5,86.67,77.15,8.805,42.4,7.5576,3.7561,71.25060556,1.597548,8.4804429221
28.6,58.2,64.34,55.28,5.039,44.8,7.2094,3.9423,79.26979668,1.882117,10.0114439573
28.6,58.9,80.78,83.04,2.337,38.1,8.7418,3.7478,71.32017653,2.237498,10.1755360153
28.6,59.7,75.81,68.56,6.188,47.8,7.7378,3.9339,80.48056352,2.019569,9.1916832598
28.6,59.8,46.34,41.85,3.166,45.4,6.8719,3.6341,80.66580528,1.338226,7.9608380068
28.6,60.4,69.35,58.4,9.252,49.5,6.8888,4.078,82.97767883,1.827681,9.9364046121
28.6,60.5,83.74,73.47,11.386,47.0,7.5807,4.5016,73.6803446,1.560221,7.5509165738
28.6,60.6,63.43,62.87,4.001,41.6,7.7362,3.8121,76.92501055,1.544669,7.8610020072
28.6,60.9,61.37,58.8,3.12,37.8,7.8877,4.0467,81.35480981,1.902655,11.4175482416
28.6,61.2,99.78,87.88,9.861,47.3,8.1791,4.5197,86.66598773,3.070038,11.0701486415
28.6,61.5,90.1,78.99,9.334,41.1,8.2297,4.825,85.72519146,3.134192,11.0054638025
28.6,61.7,59.83,58.12,4.003,43.5,7.5813,3.9072,93.0456187,2.13012,9.3915789129
28.6,62.1,71.6,62.33,6.42,43.3,7.5174,3.9836,94.19900634,2.335524,10.2474933546
28.6,63.0,67.91,64.78,2.743,29.9,8.1749,4.1255,69.19885668,1.140043,6.2496646229
28.6,63.0,78.67,73.92,5.548,36.4,8.1219,4.7494,76.0272497,2.33699,9.3396787749
28.6,63.2,100.89,87.55,14.362,53.2,8.0993,3.5745,75.49858745,2.321146,8.9792121958
28.6,63.6,96.69,83.05,15.034,44.6,8.0184,5.0667,76.72352124,2.055288,8.0666035965
28.6,63.9,72.59,66.79,6.616,30.7,8.0173,4.8007,87.99602675,2.509656,9.9670823061
28.6,65.2,90.39,77.32,13.744,44.7,7.5127,4.8242,91.07166153,3.090226,12.0794840138
28.6,65.7,86.52,71.13,14.616,50.0,7.0644,4.0931,79.07525922,1.899696,8.4234242864
28.6,67.4,96.28,86.88,10.753,43.9,7.9216,3.958,81.33434689,2.28898,7.373005545
28.7,57.9,43.93,40.42,2.768,46.6,6.5182,4.4525,85.32207155,1.845516,10.2972082267
28.7,58.4,109.77,97.51,9.015,47.2,8.577,4.5651,75.13255894,2.941364,13.507802873
28.7,58.7,66.26,63.53,2.909,36.9,7.614,4.34,76.32203912,1.500628,9.9699280956
28.7,59.2,58.7,59.62,1.562,35.4,7.6092,3.4587,84.0304815,1.854886,9.2241363694
28.7,59.3,63.38,53.2,6.742,42.3,7.1006,4.3504,87.6840552,2.016178,11.0155753449
28.7,60.3,94.79,86.6,7.025,46.6,7.931,3.9113,83.48247957,2.39606,9.7522149964
28.7,60.7,80.06,74.79,4.459,39.3,8.01,3.6948,73.06646762,1.687596,8.706562663
28.7,60.8,106.14,88.01,18.556,41.8,8.3386,5.6,77.79753559,2.692649,9.2000640082
28.7,60.8,98.17,88.97,9.959,42.5,8.3888,4.2655,77.93835544,2.426621,10.3880259926
28.7,62.0,77.81,70.33,7.554,41.1,7.7474,4.6843,75.51811297,1.86475,8.5287796458
28.7,62.7,95.84,85.7,7.8,39.0,8.3219,4.4706,81.89647275,3.181796,12.7356315703
28.7,65.1,104.6,90.24,15.245,45.2,7.6583,4.4199,81.27254533,2.351852,8.7036246456
28.8,58.7,80.73,69.75,11.546,52.0,6.9965,4.3593,86.58730145,2.075211,9.867923917
28.8,59.5,102.41,93.71,8.818,52.1,8.5014,4.166,85.60911381,3.370271,12.0421298717
28.8,59.5,83.98,74.94,8.616,50.1,7.7187,3.9722,81.2747826,2.374749,9.9614403254
28.8,59.7,29.55,28.14,1.49,33.6,6.5383,3.9411,72.02421188,0.272948,5.144610106
28.8,59.8,95.03,83.56,7.22,47.9,7.8578,3.8704,75.61921373,1.94979,9.6771764256
28.8,60.2,83.03,78.61,3.093,34.9,8.5461,3.9632,85.89471866,3.380978,13.9567150604
28.8,60.3,97.71,86.01,11.958,51.0,7.6589,4.6793,88.13508424,2.390426,9.7847008129
28.8,60.8,75.42,72.06,4.32,36.7,8.4199,4.2169,74.43239601,2.213718,10.8609806008
28.8,61.0,52.72,43.86,4.221,34.7,7.0977,4.6901,77.21612214,1.344175,9.9862825922
28.8,61.0,88.48,78.24,7.261,47.2,8.4647,4.0217,76.26681067,2.534386,10.8873591046
28.8,61.3,94.82,82.99,12.323,48.1,8.2901,4.2149,75.0963583,2.25649,10.5254753187
28.8,61.7,82.19,77.92,7.508,44.3,8.3932,4.3144,83.04615657,3.136836,10.9889955965
28.8,62.2,70.22,59.12,11.488,54.4,6.8923,4.4706,84.39567842,2.192377,10.1888754378
28.8,62.8,71.89,65.87,6.067,42.9,7.4802,4.0888,84.10353591,1.978082,8.6310718846
28.8,68.3,94.83,85.14,10.847,46.9,7.5343,3.4413,84.87850286,2.47578,9.5887915362
28.8,69.1,92.92,79.82,14.958,40.7,7.5085,4.5191,83.1175159,2.021645,6.7837250453
28.9,58.7,73.06,71.65,3.73,45.3,8.1618,3.8221,79.16900595,2.064891,10.9549403355
28.9,58.9,92.24,86.49,5.258,42.4,8.4782,4.5063,83.74375345,2.522609,11.1337581689
28.9,59.1,102.69,90.71,10.047,50.9,8.5227,3.8335,70.80814208,2.010837,9.3392246266
28.9,59.4,82.42,72.55,8.137,51.2,7.7492,3.9022,86.97844142,2.712583,11.2041116957
28.9,59.6,99.55,87.97,11.674,49.9,7.9879,4.2638,71.76191465,1.283266,5.540636132
28.9,60.5,62.42,56.15,5.083,39.8,7.707,3.8397,77.98823506,1.597743,8.9765868536
28.9,61.2,92.18,77.45,9.632,41.2,7.9368,4.5052,77.77921665,2.153456,8.5561665971
28.9,62.0,93.7,84.24,6.501,42.0,8.2953,4.0117,76.06188215,2.403302,9.961342084
28.9,64.0,41.43,37.09,2.989,36.6,6.9079,3.7927,87.53959527,2.039563,10.1461676591
28.9,64.2,100.14,88.29,12.676,48.8,7.9322,4.0726,75.13362572,2.005629,7.9036908331
28.9,64.9,70.25,62.17,9.028,49.5,6.7398,3.7251,70.85615045,1.188474,7.3988834957
29.0,60.8,88.84,81.52,6.775,47.6,8.3689,3.6804,71.10207953,2.08237,8.6633957477
29.0,61.3,103.54,93.1,11.828,46.5,8.4248,4.5674,81.82683412,2.6184,9.5741295293
29.0,61.4,102.73,89.73,13.61,52.0,8.2382,3.9761,81.73019065,2.776064,10.1857590048
29.0,62.1,101.15,92.04,6.804,44.6,8.5699,3.876,72.10930004,2.679833,11.5561839213
29.0,62.1,79.33,76.53,5.415,43.5,8.026,3.4107,75.023156,1.787458,8.5889814876
29.0,62.4,55.05,48.76,3.837,34.6,6.7759,3.7821,86.16278891,1.304104,7.3374084785
29.0,62.4,67.54,67.47,3.274,32.1,7.4427,4.5097,81.43180598,1.805731,10.4615641061
29.0,62.6,100.5,91.76,6.144,34.6,8.2353,4.3681,73.32111991,1.963522,8.9301689488
29.0,62.7,107.52,91.36,13.827,45.9,8.5761,4.8022,80.7691706,3.345127,12.6053553436
29.0,62.7,86.76,73.76,13.227,49.6,7.1765,4.3549,82.38679609,1.964148,7.6970345514
29.0,64.2,66.74,63.96,5.698,40.7,7.0217,3.7412,78.41018946,1.237568,8.4767341408
29.0,64.5,101.39,86.78,15.85,46.3,8.3276,5.4124,85.44462293,3.39516,13.4571073184
29.0,68.3,110.59,95.39,16.996,49.8,8.4661,4.5866,80.14881141,3.444506,10.407533863
29.1,59.9,74.55,67.23,8.504,49.8,6.4291,3.8779,77.41443167,1.115093,7.2751786435
29.1,60.0,101.61,91.14,10.366,46.2,8.1665,4.3923,83.05525165,2.517463,10.4172170634
29.1,60.5,102.78,87.52,12.551,47.2,8.0448,4.4806,82.73975552,2.40769,9.6032643892
29.1,60.8,79.7,74.07,5.237,42.9,7.4889,3.9187,79.67349905,1.927955,9.3981320173
29.1,60.9,95.02,85.78,7.395,48.8,8.2501,3.7057,80.12174141,2.431516,9.724955477
29.1,63.3,69.38,59.23,8.709,40.4,7.4683,4.1361,91.14739618,2.219119,10.3478024867
29.1,63.8,77.21,73.19,6.702,42.8,7.9831,3.6217,86.77674068,2.974689,12.7631168124
29.1,64.5,71.38,66.57,4.133,30.7,8.0276,4.0455,79.24577091,1.814843,9.273471861
29.1,65.9,72.48,68.75,5.014,39.1,7.5653,3.6169,84.75208542,2.139507,7.8733874942
29.1,66.1,109.19,90.32,20.22,53.7,7.5321,5.3514,74.69222439,2.335593,7.7586849555
29.2,60.5,87.9,79.57,8.437,48.4,7.9989,3.7403,89.47468094,2.701941,10.4315017056
29.2,61.3,74.17,67.11,5.403,38.6,7.44,4.4084,83.71908087,1.94252,9.5995574707
29.2,61.4,101.16,87.17,11.17,46.5,8.3091,4.2279,84.48655947,3.073312,11.1514901129
29.2,61.5,65.1,55.2,6.683,46.4,6.0394,3.851,81.96650399,0.760824,6.9063319226
29.2,61.9,80.1,77.38,4.178,37.1,8.1161,3.7473,75.81204843,2.137956,10.2009513171
29.2,62.7,71.43,65.94,5.95,40.0,7.8095,4.0949,75.66545798,1.981121,10.4573988509
29.2,63.2,71.13,68.41,5.24,42.4,6.8329,3.7917,82.82477214,1.757798,9.3271447537
29.2,65.2,85.5,73.72,13.15,50.0,7.2587,4.2972,80.06180072,1.723618,7.1547077736
29.2,65.4,98.12,88.8,8.251,49.8,8.0428,3.18,79.54196486,2.053134,9.7917380608
29.2,65.8,60.62,57.64,3.356,34.4,7.696,3.6607,86.46591492,2.15487,10.2023574593
29.2,67.5,116.94,101.57,18.199,47.8,8.6499,4.1747,82.16218419,3.217728,11.0562686785
29.3,60.1,93.53,86.15,7.966,52.7,8.1667,3.6285,83.91156352,2.753218,10.3552534515
29.3,60.2,80.91,73.17,6.233,43.1,8.0268,3.949,83.79730066,2.626606,11.2491754622
29.3,60.2,89.34,82.37,7.068,49.3,7.4312,3.6553,86.86930175,1.78588,8.9902210628
29.3,60.4,53.8,53.99,2.235,35.5,7.2699,4.3075,84.54334722,1.62975,7.5520105075
29.3,62.6,90.2,84.62,9.198,52.2,8.4529,3.18,84.95567512,2.825888,11.055988189
29.3,62.9,81.45,75.37,4.906,34.5,8.534,4.2935,88.64510938,3.169791,13.6130199321
29.3,63.4,79.97,72.63,6.603,37.7,7.974,3.9215,80.38331223,2.167455,10.0056020105
29.3,64.0,102.91,88.49,13.92,51.6,7.9868,4.0971,67.38894719,1.588409,8.1300458062
29.4,58.7,55.1,53.33,3.895,41.9,6.6588,4.1295,72.524501,0.1056,5.0096090522
29.4,60.4,98.19,85.84,11.485,50.6,8.074,3.8926,85.96432407,2.815208,12.6456081731
29.4,60.7,87.02,84.28,3.551,36.5,8.6695,3.3544,68.10200485,1.506417,7.8808206105
29.4,60.9,106.43,90.53,16.647,51.3,7.4845,4.152,89.50427755,2.822001,9.4234938096
29.4,61.7,78.32,72.66,4.481,34.1,7.9814,4.0072,76.1615199,1.700042,8.6273632263
29.4,62.7,75.79,66.71,11.171,50.0,6.6732,4.3528,84.35230105,2.178924,8.4794056298
29.4,63.0,109.81,95.06,16.088,52.7,8.15,4.8598,79.14281661,2.731195,9.4776172574
29.4,63.1,104.43,89.77,15.67,58.1,8.0277,4.1017,83.9233801,2.894905,11.2119997523
29.4,64.1,95.25,85.9,8.434,40.4,8.4923,3.8786,86.18543392,3.323555,11.8083374367
29.4,65.9,105.33,92.75,12.213,45.6,8.403,4.5397,77.81756611,2.937418,11.587192405
29.5,58.7,70.4,68.81,2.765,41.4,7.7509,4.1675,94.26262428,2.326009,12.0708548836
29.5,60.1,105.43,91.89,14.312,54.8,8.1838,4.4731,76.12172993,2.100146,7.8084199796
29.5,60.2,75.22,65.49,9.613,54.6,7.361,3.7898,88.14105585,1.761927,8.451098333
29.5,60.3,99.93,88.08,9.453,47.1,8.054,4.3869,74.08518073,2.077593,10.2905250535
29.5,62.9,79.0,73.88,4.655,38.2,8.2454,3.934,82.44771049,2.466329,11.0454226803
29.5,62.9,98.63,86.49,13.806,50.1,7.7396,4.0031,83.01398794,2.423581,9.7956338579
29.6,58.9,92.35,83.19,5.953,44.7,8.2741,4.1083,77.98951117,2.21943,10.0969471953
29.6,59.4,66.81,62.35,3.861,39.9,6.8665,4.0213,78.43787561,1.249116,8.6198245101
29.6,60.0,63.92,63.71,3.03,36.4,8.1479,3.7407,86.90972421,2.906694,11.1353707821
29.6,61.1,103.32,91.56,9.901,50.8,8.4684,3.6812,79.25099131,3.061161,11.7434142723
29.6,61.3,107.09,95.84,11.037,47.3,8.4678,4.6362,84.24752035,3.525538,12.4878118682
29.6,61.6,68.11,61.64,4.97,39.4,7.4911,4.5818,92.38822528,2.478772,11.0170980296
29.6,62.7,86.74,78.65,8.881,41.1,7.698,4.279,89.33346752,2.482435,11.2121472637
29.6,62.9,71.76,58.48,10.828,46.2,6.3889,4.5275,83.73797651,1.81596,10.3669268001
29.6,66.7,78.46,70.17,7.605,35.9,7.5277,4.1846,81.83475629,1.882261,9.3451232106
29.6,67.8,115.83,96.92,20.22,53.1,8.402,4.4332,83.08148985,3.431063,9.9268154006
29.7,59.4,52.92,46.74,4.629,43.3,6.7785,4.4602,95.02530881,2.266178,11.2665815981
29.7,60.1,97.16,83.8,9.987,45.6,7.8951,4.2997,73.55384649,2.269448,8.3630089831
29.7,65.5,99.4,86.54,14.096,51.6,7.6168,4.0697,81.16154409,2.382915,9.6239973012
29.7,66.9,118.57,99.93,20.22,51.2,8.4187,5.6,71.62959925,3.203356,11.1134140368
29.8,58.7,110.1,95.55,12.876,54.2,8.0765,3.8248,74.7539501,2.203395,9.0788380475
29.8,60.1,70.99,66.55,4.941,50.4,7.5268,3.1837,84.59521646,2.025713,9.9122860488
29.8,61.0,83.53,71.81,11.152,50.0,6.3301,4.4808,84.02387653,1.598066,8.1961337985
29.8,61.9,82.94,74.81,8.824,48.1,7.3216,4.3008,82.56602533,2.284801,10.0712662202
29.8,62.1,107.69,93.61,14.755,51.5,8.1016,4.9301,79.57018806,2.6855,9.5430452169
29.8,62.2,75.22,69.07,9.769,48.4,7.1867,3.9023,83.01350298,1.53514,7.4402134089
29.8,62.3,89.0,77.24,9.623,52.2,7.064,4.166,87.24006396,2.297151,9.9126692398
29.8,63.2,103.61,90.01,11.975,45.4,7.8634,4.2628,77.02158841,2.28644,9.4199892796
29.8,63.9,111.77,98.92,15.382,48.5,8.1098,3.9675,70.84387169,2.025721,6.4694777536
29.8,65.0,111.73,95.14,13.683,42.5,8.5485,4.8971,88.39987133,3.872223,14.9602168328
29.8,65.6,61.62,53.9,7.498,44.7,6.6803,3.9011,86.29452216,1.52501,7.1846825564
29.8,65.6,95.06,86.0,5.905,33.0,8.5181,4.3085,75.98383338,2.35243,9.988151856
29.8,66.7,111.09,96.0,18.2,48.6,8.3977,4.6184,87.66906467,3.763348,12.0578789787
29.9,59.3,69.25,66.08,4.59,42.9,7.9102,3.6929,79.30219449,1.734832,8.1903593576
29.9,62.3,80.64,75.97,5.064,50.3,7.4961,3.2438,83.05078023,2.036695,10.8311647545
29.9,64.3,74.94,67.96,9.601,51.1,6.7547,3.9021,84.9175492,1.97458,8.7998826852
29.9,64.5,100.92,90.82,11.039,37.5,8.3244,4.6552,81.9581024,2.974825,10.3049895614
29.9,66.2,95.68,82.5,12.31,47.5,8.2233,3.8482,91.21179023,3.58425,12.6308642063
30.0,57.6,50.58,51.2,1.265,41.0,7.3298,3.4869,77.79343724,1.606558,11.180223152
30.0,59.2,78.47,70.79,6.969,43.0,8.0928,4.1603,86.34890611,2.848762,13.3023825258
30.0,59.6,83.68,77.87,2.969,32.8,8.3516,4.4331,73.54018331,2.008276,10.4641838568
30.0,60.6,95.02,84.67,10.218,51.4,8.2332,4.0548,80.1273837,2.451038,10.3547703994
30.0,61.1,114.23,98.28,17.152,58.1,8.3064,4.1947,83.90849427,3.215906,10.7654386953
30.0,64.1,109.1,96.88,11.564,48.6,8.4964,3.376,77.81385874,2.785543,8.4785559686
30.0,64.6,102.11,90.26,8.675,39.2,8.3251,4.3047,77.41534704,2.496111,8.1915708099
30.0,65.7,102.97,91.79,11.717,48.7,7.6762,3.8743,79.17580092,2.089594,8.7464706623
30.0,67.1,65.92,58.41,7.857,42.3,7.2846,3.9187,74.80226237,1.915096,8.3396001206
30.1,63.0,83.9,81.92,3.595,33.7,8.7119,3.8598,80.69085288,2.766215,11.8426228038
30.1,63.5,89.5,78.48,10.909,49.0,7.1074,4.0736,77.97206878,2.303341,9.1280179537
30.1,66.0,112.78,96.7,17.38,50.7,8.181,4.717,86.0537834,3.534574,11.4762776505
30.2,58.0,78.11,74.11,2.506,38.8,7.7957,4.0323,75.25758045,1.614228,10.1990449689
30.2,59.5,76.11,66.54,9.679,50.3,7.3948,4.1747,77.08685079,1.772336,8.4907936395
30.2,60.2,54.36,48.1,2.401,32.7,6.8555,4.5232,75.19994853,1.497764,10.2846247512
30.2,60.4,108.4,95.94,11.951,48.7,8.4228,3.9602,90.85169537,3.677186,12.4576327455
30.2,60.7,78.91,67.05,11.903,52.5,6.973,4.361,85.67758433,2.334592,9.7783203304
30.2,60.8,71.33,65.49,5.192,41.2,7.8067,3.744,95.23058414,2.779222,12.6498290036
30.2,60.8,86.04,81.72,3.922,40.0,8.1613,3.7485,84.28514176,2.45308,10.8880870728
30.2,62.1,86.17,75.6,7.805,43.0,8.1207,3.8085,92.86217259,3.464141,12.6273795622
30.2,62.7,79.98,71.12,6.356,37.3,7.957,4.7675,87.38360481,2.666385,11.9194761637
30.2,62.8,47.81,46.3,1.899,29.0,7.7436,3.9823,74.84125603,1.15162,7.8489812482
30.2,63.0,100.74,86.88,16.326,53.6,7.0316,3.9912,70.14422502,0.948112,4.2159241571
30.2,63.0,102.08,91.58,8.279,45.6,8.3961,4.484,83.70453927,2.973204,10.5968708753
30.2,63.5,73.68,70.69,3.65,32.6,8.3937,3.9299,86.44699041,2.578763,11.2832983577
30.2,64.1,83.82,69.72,13.787,53.3,6.4203,4.526,86.64648788,2.287636,11.1154043515
30.2,65.3,96.53,84.91,13.068,46.0,7.3504,4.2065,85.26086208,2.407714,8.9733836592
30.3,59.0,95.8,89.13,4.177,46.3,8.7122,3.5752,73.75383254,2.591892,12.3233375749
30.3,59.8,83.21,80.09,3.897,35.8,8.3677,3.7877,75.22757692,1.990531,9.383152507
30.3,61.2,76.17,74.35,2.498,33.0,8.366,4.0581,79.65586796,2.71569,12.0550055934
30.3,62.6,86.77,78.32,12.024,50.4,7.0943,4.3338,80.58083955,1.847842,6.8285974481
30.3,63.0,88.97,78.41,6.52,41.5,8.4567,3.9484,87.58399332,3.630108,12.9172866256
30.3,63.5,77.82,73.0,8.431,51.1,6.8664,3.526,77.17658095,1.182185,6.5290347301
30.3,63.6,112.54,97.29,15.108,47.2,8.5531,4.1419,73.76866456,2.305634,10.004424779
30.3,63.9,100.01,87.98,12.124,48.7,7.4366,4.0311,89.68310743,2.928758,10.5624139113
30.3,64.8,92.82,80.69,14.86,45.7,7.8602,5.4422,81.87862997,2.521408,8.1787151039
30.3,66.7,121.79,105.42,16.03,44.8,8.7504,4.185,77.00897906,3.573003,11.1776858311
30.4,59.7,101.36,91.19,7.78,44.1,8.5036,4.5566,84.73201008,3.373726,13.7421884975
30.4,60.4,85.6,77.39,5.207,47.8,8.1883,3.4355,85.582178,2.635454,10.1902356045
30.4,60.9,102.38,89.8,9.047,44.7,8.2645,4.3148,97.83331339,3.635385,13.9016006294
30.4,60.9,68.23,66.57,3.839,37.7,7.7436,3.59,84.30056917,2.276801,12.0629727825
30.4,61.3,115.08,98.72,14.446,52.3,8.4149,4.2581,75.51408792,2.306962,8.7466855571
30.4,62.2,67.68,61.13,5.235,42.4,7.0699,3.6243,77.7303616,1.52949,8.5663723501
30.4,62.5,64.8,60.46,4.62,38.8,7.8727,4.0159,94.01263298,2.720323,11.0628007456
30.4,64.4,92.71,79.8,15.093,55.7,7.3319,3.7073,82.64541966,2.556472,10.9565415615
30.4,64.7,46.73,47.27,3.703,37.0,6.2141,3.7716,87.88501079,1.292612,8.368246266
30.4,65.7,99.38,87.13,11.784,49.4,8.0594,4.1337,84.67202018,2.770024,8.7976761933
30.5,59.5,78.98,72.35,8.385,49.8,7.5202,4.0991,94.07082507,3.181996,12.3165918802
30.5,62.9,100.42,89.37,11.315,49.9,8.1535,3.5562,76.20335953,2.120506,7.8141462572
30.5,63.0,78.42,72.56,7.031,46.4,7.614,3.8028,87.39620277,2.416019,9.4559928202
30.5,63.1,83.22,74.69,10.154,45.4,6.9832,4.4306,75.77048861,1.554385,8.2503897789
30.5,64.6,93.95,83.79,13.4,52.2,7.8669,3.8324,75.25702672,1.607348,7.5206948944
30.5,65.7,113.09,95.87,18.913,51.6,7.4628,5.4495,71.56302133,2.216445,8.7491193757
30.6,60.5,88.56,80.4,7.362,49.1,7.5521,4.2139,93.01604495,2.9058,11.2264586411
30.6,60.6,73.07,70.97,4.753,47.0,6.9804,3.7717,77.16950078,0.856385,5.5310774077
30.6,62.2,89.53,84.07,4.765,37.5,8.4434,4.2302,87.76638931,3.592875,14.202382649
30.6,66.0,117.19,104.28,11.971,42.3,8.8599,3.8262,82.53444024,3.440784,11.7749827929
30.6,66.5,106.77,92.8,14.03,45.9,8.6106,4.2459,77.82929445,2.834393,9.3377576504
30.6,68.2,79.91,71.13,9.554,49.2,7.2129,3.5884,85.19367964,2.171518,8.6666083245
30.6,70.0,96.81,85.81,13.126,43.7,7.8537,3.8915,81.44187051,2.884971,9.0080052294
30.7,59.5,71.37,63.7,6.342,42.7,7.2486,4.2229,91.68475327,2.180479,11.4102358828
30.7,60.3,90.56,83.35,5.403,41.2,8.3955,4.3412,88.39676584,3.417948,14.3459005794
30.7,61.9,98.29,86.9,10.667,43.9,7.7204,4.4564,74.20740426,1.811832,7.6858159377
30.7,64.3,78.64,77.24,4.847,38.2,8.3249,3.7725,88.73959652,3.140764,13.0344033658
30.7,67.0,97.61,89.98,9.378,32.7,8.6539,4.5725,77.92317653,3.135618,11.1029397264
30.8,60.3,82.43,79.63,3.418,40.3,8.2053,3.6774,76.71930157,2.055851,9.1403022536
30.8,60.6,77.54,74.04,3.793,34.5,8.1883,4.44,77.98786075,2.066058,8.4576164164
30.8,61.9,97.53,86.58,10.287,43.2,8.3157,4.527,87.09858407,3.444986,13.2033387364
30.8,62.6,62.72,63.54,2.052,29.0,7.5126,4.3223,84.89813616,2.701534,11.9318752927
30.8,63.2,93.88,83.24,10.556,45.1,7.9695,3.9447,77.08108604,2.340149,9.7697849615
30.8,63.9,116.45,98.28,19.335,53.0,7.8766,4.7252,87.35594421,2.928269,9.9256385269
30.8,64.5,66.84,62.01,6.365,38.8,7.3172,3.8542,73.17928199,1.333389,8.1009533134
30.8,65.1,101.04,88.77,13.816,49.7,8.2435,4.1127,81.48789134,2.759517,10.9670865142
30.9,58.4,80.79,74.43,5.562,48.1,7.378,4.5836,86.63078557,2.057715,9.9837748265
30.9,58.5,47.44,56.35,0.94,29.0,7.9938,3.6762,78.01223596,1.577957,9.2595768877
30.9,59.8,90.75,81.35,6.85,39.0,7.749,4.9435,66.80483626,1.275353,7.9241655941
30.9,60.8,78.36,72.94,3.931,39.7,7.551,4.2444,67.53808743,0.614723,5.627918666
30.9,61.1,104.01,88.46,15.873,53.6,7.8241,4.4989,80.77159859,2.483101,10.054013781
30.9,61.6,102.71,90.54,10.558,45.1,8.3135,4.4391,70.67104573,1.814368,7.183132152
30.9,61.7,80.21,74.33,3.451,35.9,7.6923,4.1177,74.38145221,1.073953,5.8981585715
30.9,62.1,96.2,86.12,8.46,37.0,8.7859,5.4891,88.71552739,4.181614,14.30216497
30.9,62.4,83.97,79.02,4.095,34.0,8.2976,4.5399,90.61194656,3.269633,13.1860002787
30.9,62.5,81.95,72.83,10.428,51.1,7.123,3.6076,91.76418346,2.629511,11.0728431996
30.9,62.7,93.46,78.92,13.46,50.6,7.1459,4.3579,79.41657429,2.069144,9.6905524259
30.9,62.8,71.4,62.67,6.602,37.5,6.5836,4.8371,82.0848063,1.850586,9.714397765
30.9,62.9,103.88,91.44,9.958,41.9,8.5857,3.8385,82.94002862,3.102876,9.969362361
30.9,64.4,96.23,82.8,14.246,44.9,7.6636,4.5457,85.478537,2.766249,9.1732833103
30.9,65.7,84.03,74.18,11.104,49.4,6.9407,4.0222,89.4570161,2.037203,9.6065880114
31.0,60.3,72.48,67.09,5.215,43.5,7.7478,4.0574,78.23390608,1.967255,10.0263568294
31.0,61.0,82.99,73.7,7.939,46.8,7.7789,3.9164,82.05666508,2.184648,8.5710657742
31.0,61.1,112.3,97.79,14.275,50.8,8.206,4.8986,74.77569926,2.783751,10.6309289595
31.0,61.9,100.15,88.08,9.644,48.0,7.9234,3.8533,77.28374417,2.302748,8.9751147423
31.0,62.2,92.39,88.1,3.995,40.0,8.7179,3.4273,79.96362695,2.753193,11.0733811512
31.0,62.4,79.21,75.64,5.052,37.9,7.9871,4.1422,80.56163734,2.290606,9.8174593303
31.0,62.6,112.75,97.64,16.121,52.3,8.4731,4.7304,78.29968626,3.589841,13.3438721345
31.0,63.0,89.29,83.3,6.244,45.0,7.7755,3.869,78.08976182,2.031659,8.3983380954
31.0,63.7,110.44,97.16,13.971,46.8,8.3716,3.9839,76.66314243,2.588459,11.0806608377
31.0,63.8,90.66,80.59,9.757,42.7,7.9111,4.5964,73.46130373,1.739843,8.3205075953
31.0,64.0,84.09,74.89,7.866,44.0,7.6001,4.1134,75.72164753,1.467983,5.9918819755
31.0,64.0,88.53,79.1,8.299,41.9,7.4187,3.7463,71.42616806,0.763367,5.8357530656
31.0,64.4,90.52,84.44,5.53,46.3,8.3766,3.424,84.38531629,3.062535,12.7156145468
31.0,66.4,112.5,96.01,18.753,54.1,7.9898,4.3049,81.37922448,2.908764,9.1103182394
31.1,59.7,77.23,74.85,3.879,38.9,7.8181,3.8432,84.85975142,2.23641,11.2728664719
31.1,59.8,81.44,78.12,3.316,30.1,8.3739,4.2268,87.06233767,2.498415,11.1788043066
31.1,61.7,64.52,58.73,5.704,39.6,7.4407,4.343,98.86992245,2.75395,9.8104728533
31.1,62.6,83.25,71.13,9.855,42.7,6.9964,4.613,71.87777864,1.58374,7.1103213728
31.1,64.9,103.32,91.74,9.103,40.0,8.7871,4.7328,86.59191516,3.895557,14.6269049916
31.1,65.1,91.58,83.61,9.302,44.0,8.1237,4.3085,86.89651934,3.352483,12.029272191
31.1,66.0,114.64,97.65,20.22,54.6,8.1353,4.2463,78.52150491,2.699513,9.0859805987
31.1,66.0,96.06,81.75,14.191,43.0,7.3145,5.2093,75.09072679,1.842542,7.484219769
31.1,66.5,93.43,85.32,10.244,41.9,7.8985,4.429,80.82160597,2.671976,11.6405562846
31.2,58.8,89.24,78.73,8.871,49.3,7.9767,4.0737,85.27011779,2.40955,10.5635706997
31.2,60.1,71.34,64.18,4.984,44.9,6.8553,3.881,68.48179232,0.960844,7.4492131326
31.2,62.3,77.0,71.73,8.299,47.5,6.5994,4.0417,77.72558437,1.0999,5.7179657012
31.2,65.4,68.32,62.75,6.878,38.4,6.8347,4.0192,84.40442118,1.427613,6.4601369922
31.2,65.5,99.91,88.65,10.164,41.4,8.0382,3.9886,77.12591206,2.421657,9.4780361317
31.2,65.6,103.98,94.2,10.34,42.4,7.8629,4.1202,74.47618152,1.6458,7.1192685207
31.2,65.6,94.66,85.47,13.327,52.3,7.3878,3.9833,75.85813528,1.918299,8.3015245963
31.2,66.2,112.75,96.55,16.673,43.5,7.9789,4.778,74.2209826,2.12524,8.2936632316
31.2,66.2,95.59,86.35,14.376,46.7,8.1515,4.1641,85.21377938,3.059377,11.9441300306
31.2,66.6,82.15,72.79,13.425,47.2,6.8045,3.9808,78.25260097,1.502201,8.0200677006
31.3,58.1,49.33,52.0,1.841,35.5,6.8529,3.8736,80.49333031,1.703506,10.9748253789
31.3,58.3,62.15,56.34,4.184,45.9,7.6416,3.8873,75.35726529,1.641376,9.512619758
31.3,58.3,79.48,77.49,2.844,38.3,8.3233,3.9246,80.27206606,2.726255,12.2631113602
31.3,58.8,58.43,55.96,2.571,35.7,7.5849,4.2447,89.00436957,2.338611,11.750877422
31.3,59.1,72.25,68.73,3.813,38.1,8.4141,4.5459,82.29069208,2.832929,11.9833984783
31.3,59.1,74.59,66.52,5.524,44.4,7.585,4.5789,81.88525267,2.66563,11.6536719829
31.3,59.1,90.28,83.8,6.124,42.1,7.9768,4.5859,79.65445083,1.938739,7.2670129185
31.3,59.2,96.33,90.92,4.062,46.4,8.3621,3.5241,85.9084398,2.794775,11.92217976
31.3,59.3,118.37,103.1,8.121,49.1,8.8424,3.5021,69.55907601,2.66976,9.2802092905
31.3,59.4,79.93,76.76,2.686,36.8,7.7214,4.0789,76.87920723,1.830361,8.8672527122
31.3,59.4,86.4,80.68,4.223,43.3,8.093,3.7482,75.50671677,2.153482,10.9918091127
31.3,59.5,76.63,69.27,4.111,45.8,7.5549,3.7228,77.09518074,1.695029,10.1660701365
31.3,59.5,96.09,90.25,3.798,42.1,8.4589,3.4559,73.62279127,2.862418,12.2667765401
31.3,59.5,98.91,88.87,7.305,52.0,8.3394,3.6893,77.88808431,2.848441,10.3297627666
31.3,59.5,99.61,85.65,12.661,47.6,7.5804,4.8243,83.06525562,2.405108,9.8445118129
31.3,59.7,91.09,81.23,11.043,50.3,8.254,3.9363,91.4375837,3.741869,13.60805342
31.3,59.8,95.19,81.85,13.955,50.9,7.2348,4.4525,85.96588152,2.522252,10.2743143713
31.3,59.9,71.5,64.82,7.313,49.8,6.6419,4.0694,84.50902504,1.815294,9.1977696062
31.3,60.0,69.18,65.28,3.467,37.4,7.445,4.1515,90.24781644,2.524717,12.8338482312
31.3,60.0,77.55,71.95,6.653,51.4,7.6375,3.8991,86.06348384,2.564626,11.1294579911
31.3,60.0,85.25,77.54,5.157,34.5,7.594,4.2056,75.16169213,1.921346,10.8160215452
31.3,60.0,98.65,88.57,7.841,41.7,8.6222,4.5885,88.72046778,3.599047,12.8462308341
31.3,60.1,105.56,95.99,4.225,34.5,8.9891,4.1501,77.44691807,3.467731,12.3069940168
31.3,60.1,69.31,72.55,1.082,29.0,8.6589,3.8448,80.76632395,2.813362,13.0179022407
31.3,60.3,62.78,57.79,4.035,36.1,6.7143,4.2884,79.65014734,1.341356,9.236915086
31.3,60.4,111.52,101.17,6.712,44.6,8.541,3.8912,76.85134942,2.615692,9.3770681196
31.3,60.4,89.82,78.08,9.495,45.6,7.9054,4.7555,79.22000686,2.073937,9.3970192364
31.3,60.4,91.97,87.58,3.24,32.4,8.9089,3.6947,70.96954155,2.495747,11.5904440998
31.3,60.5,100.12,88.94,8.933,45.9,8.271,4.5847,79.74055729,2.955662,10.9454916925
31.3,60.5,111.96,97.18,11.736,47.6,8.5547,4.7914,71.39621406,2.283821,7.4953875124
31.3,60.7,51.21,48.35,3.555,40.9,5.9571,3.8014,79.17947316,1.237372,9.4885308561
31.3,60.7,52.95,49.88,2.27,35.8,6.9902,3.8602,89.60479317,1.583596,9.7076745081
31.3,60.7,67.7,64.0,4.722,41.4,7.7359,3.7212,87.86362207,2.507984,12.8208770947
31.3,60.7,86.75,79.04,8.286,44.6,7.9286,3.8211,80.87763007,1.748277,6.7885447278
31.3,60.8,102.94,92.22,10.076,53.9,7.6036,3.5766,80.89109105,2.57737,10.6335343365
31.3,60.9,101.28,88.86,13.19,48.2,7.8518,4.349,81.1763054,2.213169,8.7562807509
31.3,60.9,49.43,47.73,1.511,32.8,6.8299,3.6075,84.60457331,1.291786,9.5989098108
31.3,60.9,79.78,76.04,3.895,38.8,7.7309,4.0925,84.22606052,2.119117,8.7757086115
31.3,61.0,101.4,92.32,6.688,42.7,8.3748,3.7379,74.64181825,2.08173,8.3612322026
31.3,61.0,103.38,91.9,8.545,41.5,8.3883,4.179,81.13235355,3.008464,12.1080197211
31.3,61.0,84.86,74.1,11.59,52.8,6.8242,4.0601,86.76671846,1.766159,9.071479768
31.3,61.0,88.83,75.6,13.837,53.3,7.6171,4.2114,95.32250518,3.476801,13.5720145723
31.3,61.0,92.17,79.02,13.069,48.8,6.8854,4.6821,77.80159396,2.135791,9.9457494791
31.3,61.1,77.59,74.6,2.194,38.6,8.2302,3.901,81.37031809,2.491787,10.4410667431
31.3,61.2,102.66,90.24,11.498,45.2,8.2355,4.5042,78.1402362,2.330544,9.6333178386
31.3,61.2,90.28,84.37,4.585,38.2,8.2098,4.6337,77.8646651,2.173171,8.7422490229
31.3,61.2,91.88,84.69,6.38,41.3,8.2648,4.2933,78.0211962,2.424707,9.4417323849
31.3,61.3,113.71,96.98,17.065,56.7,8.1847,4.0149,77.80261326,2.606327,10.1203756557
31.3,61.3,91.48,83.54,5.82,37.5,8.2367,4.2044,82.92716561,2.936948,12.1343085415
31.3,61.4,105.29,94.66,6.122,39.5,8.5682,3.9803,75.99942655,2.891805,10.749178463
31.3,61.4,71.9,63.85,9.094,48.1,6.0769,3.8687,78.59827738,0.941937,5.8453063013
31.3,61.4,72.36,67.72,5.418,39.2,7.9763,4.1197,82.45228987,2.639928,11.2180144313
31.3,61.4,90.92,81.89,6.279,42.0,7.8939,3.9954,73.20902496,1.849883,9.9794232054
31.3,61.5,70.77,63.6,6.145,41.7,7.1682,4.0006,77.33859615,1.405052,7.1256673049
31.3,61.5,82.5,74.3,9.63,46.5,7.1057,3.8331,83.57756619,2.177211,10.3849274473
31.3,61.5,86.95,78.84,9.338,49.2,7.2329,3.6279,86.96800816,2.411558,10.1537922416
31.3,61.6,100.87,88.57,13.122,54.5,7.4037,3.8447,90.02172941,2.464726,9.1647677581
31.3,61.6,107.34,95.94,9.462,42.8,8.4981,4.7881,73.95825433,2.672015,9.5151182806
31.3,61.6,117.22,103.24,9.01,40.0,8.8453,4.2169,79.51628493,3.049955,10.3898893073
31.3,61.7,108.36,95.83,8.579,51.1,8.6426,3.5996,72.15633289,2.952581,10.8747914472
31.3,61.7,64.68,63.41,3.964,39.2,6.9964,3.6345,79.40533152,1.32854,8.0953308814
31.3,61.7,77.97,68.72,7.448,46.2,7.5843,3.9419,88.08207361,2.450303,10.9847168825
31.3,61.7,80.79,72.73,5.623,39.6,7.527,4.6164,88.44164234,2.659099,10.5356914475
31.3,61.8,69.79,70.34,2.841,41.0,7.8009,3.3786,74.20440875,1.206161,6.448329798
31.3,61.8,86.84,77.53,7.796,40.3,8.1358,4.2083,88.41706862,3.113489,13.310104898
31.3,61.8,90.07,83.77,5.427,44.9,8.0909,3.6531,85.10386535,3.024756,11.69338925
31.3,61.9,81.26,75.01,5.325,46.4,7.4364,3.5194,72.56908636,1.333004,7.0594345766
31.3,62.0,105.48,93.01,11.763,52.1,8.5013,3.7176,69.52470333,2.594442,10.1124593455
31.3,62.0,86.22,84.65,1.971,29.3,8.5972,4.2022,78.10533106,3.042196,12.671586909
31.3,62.0,87.71,81.66,4.924,33.7,8.2723,4.3967,75.70207621,2.469914,11.4951339622
31.3,62.0,91.68,81.09,13.261,49.2,7.4724,4.8588,80.12403526,2.085821,7.3517797759
31.3,62.0,96.43,83.57,11.249,45.6,7.4155,4.4142,94.21834429,2.823135,10.8725405157
31.3,62.1,110.42,96.68,14.092,45.1,8.3343,4.6727,79.15233422,2.410518,7.7117471175
31.3,62.1,52.29,55.85,1.558,35.4,7.4584,3.3765,82.48754243,1.720949,8.8594477205
31.3,62.1,84.94,81.4,4.032,32.8,7.8817,4.2693,82.07177515,2.260869,10.5873684395
31.3,62.2,107.27,95.51,13.111,47.5,8.0103,4.5222,78.94755377,2.272143,8.2431202248
31.3,62.2,68.32,59.66,5.952,35.1,7.7617,4.8336,91.33637177,2.587685,11.6998083984
31.3,62.2,76.29,70.63,5.555,39.5,7.9028,4.1944,79.84709845,2.248788,11.2559687088
31.3,62.2,82.46,70.54,14.167,54.7,7.0997,4.2847,92.44112749,2.499872,10.7382079688
31.3,62.2,92.2,82.27,8.064,47.5,7.9249,4.0729,77.9856169,2.025442,9.1036073217
31.3,62.2,98.48,87.75,10.114,46.2,8.1084,3.8888,87.341442,2.617107,10.5547375081
31.3,62.2,99.45,92.7,4.921,38.0,8.7828,3.8811,77.34333805,2.851395,10.4990116514
31.3,62.3,105.87,91.03,16.082,58.3,7.6676,3.6364,79.67894536,2.551808,9.2165524687
31.3,62.3,109.0,95.08,15.398,48.6,8.0574,4.3701,89.01085612,2.990126,11.0230730143
31.3,62.3,67.27,68.16,3.552,39.3,8.0624,4.0032,81.97645034,2.171527,10.1426662091
31.3,62.3,72.64,62.83,9.745,44.6,7.4345,4.457,82.52409425,2.401705,11.5804250766
31.3,62.3,80.79,71.48,7.082,45.2,7.5485,3.7986,81.50144781,2.032319,9.1768421972
31.3,62.3,83.99,77.61,6.72,48.7,7.7602,3.8263,81.79801828,2.21356,10.8147094748
31.3,62.3,95.54,86.41,8.268,39.6,8.4388,4.4384,80.73803579,3.190695,12.4410929929
31.3,62.3,99.47,87.08,9.692,42.6,7.4752,4.5854,65.94510926,0.843164,4.7691371376
31.3,62.4,111.81,98.76,12.665,49.8,8.406,4.5204,74.0992797,2.744626,9.8130017689
31.3,62.4,112.43,96.63,16.855,56.7,8.2278,4.5036,72.76907148,2.656283,8.9704571203
31.3,62.4,78.19,71.6,7.066,37.6,7.6448,5.0586,82.67449267,2.53141,11.806428813
31.3,62.4,85.01,78.06,8.346,42.5,7.8484,4.1098,81.05394853,2.517836,9.3851046705
31.3,62.4,97.67,84.66,15.753,47.4,7.14,5.4289,76.12585691,1.658851,7.5241699828
31.3,62.5,106.69,96.43,8.829,45.5,8.5164,3.9527,90.77318142,3.970808,13.6504057925
31.3,62.5,120.18,104.0,13.944,50.2,8.7374,4.6112,82.59356271,4.116603,12.5019985
31.3,62.5,85.36,76.84,9.112,43.3,7.7819,4.1515,75.73410435,1.922648,9.4530295614
31.3,62.5,88.93,82.97,7.23,39.7,8.3144,4.5054,76.62789042,2.323269,9.6892321018
31.3,62.5,92.47,82.14,7.926,41.4,7.9242,3.8583,78.21791672,2.243479,8.3009914417
31.3,62.6,123.48,106.62,15.093,44.9,9.0104,4.1421,79.50882605,3.786852,12.4519699509
31.3,62.6,87.89,82.8,2.815,38.1,8.1711,3.4333,84.94760356,2.723735,12.2903879272
31.3,62.7,83.7,75.63,7.742,46.8,7.3685,3.9867,83.94089928,2.321163,9.7543741141
31.3,62.7,85.69,73.64,12.063,50.0,6.5458,3.606,79.05291975,1.1713,6.969956488
31.3,62.7,87.58,83.3,4.992,42.8,8.0273,3.4553,84.3233241,2.730573,11.9897187504
31.3,62.8,108.99,96.79,9.529,40.3,8.2252,4.726,73.37071086,2.34454,8.6400989392
31.3,62.8,109.58,95.57,16.002,53.9,7.9991,4.2143,78.67763158,2.312426,6.2031166641
31.3,62.8,71.71,65.08,4.985,38.5,6.9444,4.2967,78.52409099,1.629676,8.0011804955
31.3,62.8,95.18,85.23,9.452,43.3,7.7647,4.2978,79.75411061,2.504041,10.228675811
31.3,62.8,98.33,89.02,7.898,43.5,8.0295,3.9536,75.78603743,2.185545,9.9106344617
31.3,62.8,99.53,89.79,5.988,40.1,8.7216,4.0419,77.73889452,3.432197,11.4323843647
31.3,62.9,100.58,87.02,10.528,48.2,7.9996,3.9716,81.02754514,2.964163,10.9982320279
31.3,62.9,101.09,88.19,12.176,47.3,7.9372,4.2345,83.45240706,2.815307,11.7140991704
31.3,62.9,120.78,104.87,15.743,53.3,8.4168,4.0794,83.25569587,3.104704,10.8980016186
31.3,62.9,69.27,66.5,4.502,32.4,7.2116,4.224,91.23924289,2.080034,9.513690384
31.3,62.9,97.27,89.75,5.789,34.9,8.4175,4.0595,79.70904057,2.828151,12.0672495665
31.3,63.0,89.21,78.24,12.209,52.2,6.7931,3.5484,75.57513631,1.513188,6.6169380779
31.3,63.0,89.76,81.12,7.951,41.4,7.8769,4.6408,81.24201807,2.504672,11.1505569282
31.3,63.1,103.94,93.47,6.021,49.5,8.5897,3.2735,79.22615585,3.048141,10.7063225666
31.3,63.1,67.28,59.32,7.644,52.2,6.3027,3.4956,85.81223256,1.730649,8.7863056371
31.3,63.1,85.06,79.24,5.525,34.4,8.104,4.3288,77.97002061,2.091269,9.9010264821
31.3,63.1,91.97,82.85,11.017,46.4,6.9206,4.3409,70.87561129,0.763191,4.3552846406
31.3,63.2,62.1,60.81,3.763,39.6,7.449,3.8013,78.21032353,1.832455,9.9266376135
31.3,63.2,88.69,81.83,5.95,36.5,8.2669,4.0481,81.36325118,2.577341,11.7528248447
31.3,63.2,95.19,84.39,8.416,39.8,8.2954,4.8285,76.41394088,1.793917,8.6012340694
31.3,63.3,54.95,53.52,3.215,33.1,6.5121,3.9254,79.34244836,1.368991,9.28500138
31.3,63.3,90.7,81.62,9.903,46.7,7.207,3.9318,89.33301775,2.626471,11.4161133665
31.3,63.3,91.81,80.27,9.21,44.1,7.9756,4.2692,80.77607494,2.638391,9.9416892945
31.3,63.3,92.24,83.04,10.025,47.8,7.7407,3.587,80.84883888,2.262272,8.6390814671
31.3,63.4,101.99,91.03,11.864,46.4,8.679,4.2081,78.92794111,3.025375,9.4115474694
31.3,63.4,113.06,101.58,7.076,40.4,8.655,3.6781,70.00161662,2.73404,10.9639409792
31.3,63.4,64.33,58.16,6.284,42.2,7.2052,4.3745,84.258264,2.347093,9.5013875499
31.3,63.4,82.79,74.41,7.655,37.2,8.2036,4.2486,85.48526736,2.834043,10.261563764
31.3,63.4,93.84,84.25,8.807,41.3,7.7395,4.5289,74.09567241,1.699658,8.1004008629
31.3,63.4,99.9,84.01,16.411,50.0,6.9617,4.8126,75.07649518,1.865395,8.3630439157
31.3,63.5,100.72,89.22,9.674,46.9,8.0,3.73,71.75570418,2.12127,9.0128837305
31.3,63.5,103.04,94.32,7.355,38.9,8.5835,4.1236,80.97141911,3.194175,11.2155407327
31.3,63.5,115.72,102.31,10.925,46.2,8.6072,3.6268,68.31310979,1.742826,7.7480353062
31.3,63.5,116.13,102.1,13.696,48.0,8.7985,3.8772,81.97052906,3.500509,12.2174900438
31.3,63.5,68.68,66.4,4.423,43.8,7.5844,3.8039,89.08148913,2.498086,9.8965616037
31.3,63.5,82.49,73.08,9.238,43.5,7.4679,4.0923,84.80518213,2.082087,9.1378624142
31.3,63.5,88.76,79.78,10.785,49.9,6.3413,4.0816,75.26979257,0.971246,6.6711140237
31.3,63.6,103.13,90.42,11.252,45.4,7.9746,4.7777,81.69079292,2.72535,10.9254016617
31.3,63.6,109.94,98.33,11.191,47.8,8.6716,4.1453,87.65587289,3.508321,12.2313389374
31.3,63.6,110.68,97.96,10.865,43.4,8.7056,4.0567,76.50236824,3.417984,12.6645338183
31.3,63.6,93.28,84.23,6.565,38.3,8.0757,4.0995,90.7301123,2.930353,11.8114361709
31.3,63.7,98.62,88.73,8.541,42.3,8.1226,4.4161,75.12265018,1.902219,8.9185942185
31.3,63.8,105.25,92.91,13.765,50.4,7.669,4.2209,86.66656264,2.513123,8.9431642222
31.3,63.9,104.74,96.06,7.272,40.5,8.8308,3.6649,75.28091776,3.189149,10.582934658
31.3,63.9,113.17,100.76,8.435,36.6,8.9073,3.9977,73.06161815,3.183349,11.4413153129
31.3,63.9,119.94,104.23,17.387,53.9,8.5889,4.0261,77.09180875,3.103846,9.9282435369
31.3,63.9,120.21,105.24,13.482,50.1,8.5969,4.23,76.67471267,3.092521,11.6350227259
31.3,63.9,40.37,37.06,3.009,34.9,6.2651,3.7211,83.51532002,1.361045,7.4989873374
31.3,63.9,64.91,63.78,2.915,36.3,6.8532,3.5336,79.52235205,1.432275,10.1284109425
31.3,63.9,86.79,82.19,6.055,40.5,8.0938,3.9128,78.64572669,2.506792,9.7317125673
31.3,64.0,83.69,68.22,11.858,52.5,7.044,3.8015,87.15831316,2.573489,10.8650612991
31.3,64.1,115.18,101.79,13.792,46.2,8.7566,4.0736,81.17345377,3.82233,13.1842101759
31.3,64.1,74.35,64.72,9.242,47.4,6.6969,3.5877,77.78505474,1.770356,7.9083571909
31.3,64.1,85.08,77.41,6.319,41.8,7.7977,4.1411,82.81495902,2.527114,10.4804703965
31.3,64.1,85.51,78.79,8.312,43.6,7.1833,4.2285,82.14418342,2.323656,8.3307518896
31.3,64.1,95.3,86.13,9.455,43.6,7.6178,3.9374,77.19815958,1.947786,8.4167284559
31.3,64.2,102.82,92.48,7.158,40.5,8.637,3.8517,78.65200928,2.893948,10.9952825051
31.3,64.2,77.59,70.01,4.811,34.0,7.5191,4.1815,80.07043586,2.078623,9.9612652603
31.3,64.2,89.28,82.77,5.764,38.4,8.0252,3.6486,79.21862623,2.783891,10.2740797062
31.3,64.2,90.51,79.58,12.778,44.2,7.8551,4.3508,78.81494753,2.234781,8.9221601192
31.3,64.2,95.94,86.97,6.659,42.0,8.0933,3.7922,86.38586951,2.635549,11.299903183
31.3,64.3,101.85,91.58,9.333,41.8,8.2472,4.0783,73.37641645,2.167357,7.930715297
31.3,64.3,89.44,75.07,13.714,41.8,6.5195,5.2923,77.57028907,1.944219,9.4572702763
31.3,64.3,92.21,86.58,5.401,32.1,8.0637,4.6382,75.11874779,1.821987,8.3453095773
31.3,64.4,72.84,63.86,6.202,35.0,7.1224,4.7329,75.86815524,1.259318,7.7995469733
31.3,64.5,101.33,86.38,13.617,43.3,7.9729,4.2019,70.3944403,2.143959,9.6234036406
31.3,64.5,102.98,91.91,11.449,42.1,8.1268,4.5277,85.24793997,3.367752,12.4237424631
31.3,64.5,113.31,97.6,12.687,39.6,8.0986,4.8489,70.12310049,1.883532,7.5159953821
31.3,64.5,123.58,106.68,16.843,46.1,8.7653,5.1147,71.60549366,3.135834,10.1065065407
31.3,64.5,66.0,66.52,3.03,40.0,7.853,3.7198,75.3933567,2.037365,8.8061949333
31.3,64.5,68.9,65.56,4.815,32.1,7.0287,4.5996,79.63007463,1.466945,8.2567968018
31.3,64.5,80.77,75.52,5.252,37.8,8.2037,3.7293,78.89313135,2.202668,9.4748969399
31.3,64.5,81.68,73.85,7.956,43.0,6.661,3.7483,84.1813311,1.611667,6.7174126148
31.3,64.5,95.04,85.14,10.509,50.8,7.5106,3.4231,83.00645612,2.219318,8.631113784
31.3,64.5,99.27,91.27,7.659,34.6,8.5228,4.4384,74.71443033,2.520529,9.7753629038
31.3,64.6,106.63,94.58,12.149,47.0,8.3434,4.7393,86.31605883,3.770198,12.3160007959
31.3,64.6,77.8,73.57,4.025,38.5,7.9965,4.0764,78.02067971,2.012537,9.2022616603
31.3,64.6,82.69,73.25,10.132,42.7,7.386,4.8896,82.90453875,2.155947,8.630858326
31.3,64.6,94.67,82.35,13.511,50.1,7.4925,3.9088,87.44137866,2.563325,9.8355505386
31.3,64.7,116.77,99.94,17.698,51.9,7.7256,4.4582,72.84898101,2.114049,7.7757650871
31.3,64.7,118.92,99.49,20.22,52.8,7.9965,5.1282,87.88737487,3.31976,10.4780218311
31.3,64.7,87.14,81.46,6.738,36.4,7.8293,4.4089,83.28988859,2.449932,9.0591985127
31.3,64.7,97.52,84.57,11.509,45.0,7.4318,4.4273,85.86179753,3.008391,9.6987877221
31.3,64.7,97.99,87.82,10.644,44.6,7.6399,4.2711,98.00834182,3.168815,11.8598343986
31.3,64.8,102.02,90.04,13.802,50.0,7.6965,3.8045,78.63816987,1.749799,5.7898851187
31.3,64.8,111.62,94.54,15.525,47.6,8.2826,4.9808,74.84206326,2.69272,9.439583571
31.3,64.8,89.32,76.06,14.224,55.9,6.7914,3.951,93.62597639,3.0893,11.3735698274
31.3,64.8,92.89,86.71,6.502,44.6,7.2479,3.5905,81.04367131,1.819304,8.3006104438
31.3,64.9,104.12,93.69,7.669,38.5,8.228,3.6423,77.54615877,2.19495,9.0108881798
31.3,64.9,105.21,93.78,11.855,53.1,7.6325,3.4024,89.22724085,2.904643,12.367359985
31.3,64.9,117.23,102.79,13.495,44.6,8.5547,4.0663,70.82863286,2.265205,8.1205154331
31.3,64.9,33.37,37.89,0.94,29.0,7.2435,3.3075,74.51482094,0.888139,8.4714904298
31.3,64.9,90.28,82.22,6.506,40.3,7.5705,4.0796,78.38881279,2.16506,10.6418824137
31.3,64.9,90.48,87.49,4.879,40.9,8.4976,3.4339,84.9838826,2.829061,11.0187792533
31.3,64.9,91.97,81.59,7.973,39.4,7.7551,4.226,80.22652948,2.215735,8.3543668129
31.3,65.0,113.66,99.38,15.315,51.3,8.4625,3.5551,78.57389878,3.471713,10.2278671752
31.3,65.0,114.6,100.53,14.7,44.6,8.4293,4.5939,78.1026411,3.035567,9.520525528
31.3,65.0,115.41,99.9,15.499,44.1,8.4474,5.013,71.67574717,1.957757,8.1163392955
31.3,65.1,95.29,85.54,10.863,43.8,8.0876,4.5324,90.45003372,3.043086,11.9996949607
31.3,65.2,106.24,93.37,10.495,47.0,8.2056,3.8548,76.5758418,2.638473,10.5749792941
31.3,65.2,113.44,99.23,12.179,38.8,8.3867,4.6712,73.19013128,2.371363,8.1618263489
31.3,65.2,85.73,78.27,8.49,45.2,7.7129,3.4141,85.96522276,2.417806,9.5992897013
31.3,65.2,95.96,82.83,13.331,43.2,7.5365,4.1508,78.32745741,1.834478,8.2427106278
31.3,65.2,97.07,86.54,7.77,40.2,7.9763,4.1063,78.24378973,2.263931,10.0767784409
31.3,65.2,98.51,90.47,7.439,37.5,8.7131,4.0775,87.09920435,3.997004,13.3832090653
31.3,65.3,104.16,88.07,16.483,44.8,8.1102,5.2062,79.09573752,2.921434,10.6011212593
31.3,65.3,104.71,89.41,13.417,45.2,8.3207,4.1341,75.75787034,2.948556,10.2144097554
31.3,65.3,70.83,65.04,4.336,36.6,7.2718,3.9478,85.43002647,2.364701,10.9884798689
31.3,65.3,93.42,81.31,13.361,55.2,6.8995,3.8197,93.79107146,2.982518,10.2232261487
31.3,65.3,99.77,90.35,9.763,42.0,7.7563,4.4772,79.61664478,2.483613,8.5315786864
31.3,65.4,105.21,94.29,12.388,45.4,7.9373,3.6869,77.61135954,2.345988,8.6466004642
31.3,65.4,108.62,93.34,15.595,50.8,7.4962,4.6552,84.1381945,2.961465,10.2658034836
31.3,65.4,83.34,78.84,6.021,40.0,7.7245,3.4874,80.20398491,2.033885,8.0462241096
31.3,65.4,91.79,84.29,7.143,40.2,8.2859,3.9352,80.0300709,3.163317,13.2321217971
31.3,65.4,92.6,86.41,5.541,29.0,8.4232,4.2749,82.14990959,2.989721,13.246375711
31.3,65.5,100.58,84.14,19.99,57.0,6.7124,4.6092,88.59706181,2.845395,9.6330719347
31.3,65.5,111.72,96.64,13.751,46.3,8.5968,4.2103,74.43976734,3.110749,11.6924889067
31.3,65.5,117.57,102.82,12.849,41.7,8.9345,4.945,74.9155351,3.469019,10.4200105937
31.3,65.5,63.58,54.85,8.433,39.7,5.5793,3.917,81.84257378,1.126487,7.3340681092
31.3,65.5,97.11,78.7,16.356,48.8,5.443,4.8676,85.75796749,2.452739,10.1065670862
31.3,65.5,98.78,90.41,8.453,45.8,7.9782,3.6853,76.58233268,1.729331,8.3247983481
31.3,65.6,100.98,88.65,15.983,50.6,7.7964,4.0313,73.78475446,2.21592,9.0051845404
31.3,65.6,104.53,91.79,14.304,48.0,6.9126,4.6358,73.7724554,1.8206,6.9523670189
31.3,65.6,104.63,91.88,13.65,45.4,7.9651,4.762,79.69162408,2.421909,9.2880749161
31.3,65.6,110.31,93.43,16.357,47.9,7.808,4.4543,77.04208597,2.416087,11.5474342064
31.3,65.6,85.87,76.43,7.406,37.7,7.6416,3.9357,82.34311168,2.201559,9.4327592646
31.3,65.6,87.12,78.99,8.631,42.3,7.5404,3.8568,83.68496731,2.07972,8.3860822002
31.3,65.7,118.92,104.7,12.27,41.8,8.6624,4.0852,71.44499591,2.434226,8.7900431599
31.3,65.7,89.88,82.17,4.363,30.6,8.2542,4.0944,79.48437332,2.802426,12.9252620612
31.3,65.8,102.7,90.28,12.517,46.1,7.7471,4.4524,87.96911087,3.167338,10.5609314052
31.3,65.8,108.42,95.39,14.215,52.6,8.2939,3.6891,75.14850934,2.260303,8.6076223156
31.3,65.8,71.05,66.09,4.063,33.8,7.6188,4.2269,74.46475523,1.797342,8.2826319532
31.3,65.8,86.15,77.49,6.706,37.1,7.8725,3.7111,72.71061217,1.894681,8.697604765
31.3,65.8,89.56,81.31,10.75,47.2,7.421,4.1029,80.94546472,1.96063,7.6166448434
31.3,65.9,112.2,97.92,13.125,50.8,8.0511,3.4863,80.46644166,3.00736,10.927695573
31.3,65.9,67.08,56.77,10.272,47.7,6.2698,4.2917,72.47194597,1.071498,6.296472031
31.3,65.9,84.36,72.46,12.479,50.6,6.4083,3.6055,83.40371201,1.577681,8.4168388309
31.3,65.9,93.75,84.62,9.514,41.2,7.8829,4.1063,89.54592286,3.037216,12.1508337937
31.3,66.0,107.14,94.49,11.987,44.9,8.3208,3.7646,76.15399316,2.395673,9.2867552101
31.3,66.0,113.78,100.71,8.378,37.7,8.9242,4.2045,75.25098263,3.136137,12.024335701
31.3,66.0,90.78,77.83,12.962,45.5,7.6343,4.1339,81.02838496,1.991513,7.4052610495
31.3,66.0,97.88,84.12,13.87,50.8,7.237,3.8653,91.75566593,2.960847,12.9313614321
31.3,66.1,107.24,90.4,18.52,49.9,7.0673,4.6644,78.41470609,2.501319,9.0696437708
31.3,66.1,85.14,76.62,10.165,44.6,7.8552,4.0534,84.03565835,2.80589,10.9752333251
31.3,66.1,91.49,82.07,9.501,43.9,7.3451,3.813,83.33160481,1.921884,7.8858192596
31.3,66.1,93.2,84.67,8.591,39.7,8.1072,3.9796,75.68899981,2.133911,8.9961658743
31.3,66.1,96.35,85.27,10.399,48.8,7.6599,3.857,79.76620952,2.343459,8.49756908
31.3,66.2,104.08,93.78,7.154,35.7,8.5296,4.0358,81.1172777,3.021353,12.3234731139
31.3,66.2,106.25,94.61,10.585,42.1,8.0543,4.088,76.47826107,2.707428,9.5322723718
31.3,66.3,104.06,89.42,14.102,47.0,7.584,4.5602,67.69915127,1.647547,6.1164131853
31.3,66.3,114.32,102.28,9.893,45.9,8.7579,3.7634,73.76091712,3.248159,9.8161290929
31.3,66.3,119.97,104.23,14.156,46.5,8.421,4.6336,66.70544866,2.285024,9.1317153822
31.3,66.3,79.02,65.34,15.569,54.4,5.232,4.4779,74.54076081,1.011978,6.5290859542
31.3,66.4,109.77,96.62,14.824,43.9,8.562,4.2031,80.03403034,2.705599,8.9379082616
31.3,66.4,110.43,96.14,16.696,53.3,8.0055,3.9163,79.11500771,2.846819,10.6279257412
31.3,66.4,113.95,97.94,13.773,45.8,8.3368,4.0959,88.32887329,3.514359,12.8553317887
31.3,66.4,114.83,100.32,13.321,43.9,8.578,4.4751,71.00142148,2.649368,8.4574130461
31.3,66.4,87.75,80.96,7.447,40.5,7.362,4.0259,76.25596669,1.789148,7.9328280466
31.3,66.4,94.3,85.49,7.744,36.5,8.191,3.9311,87.85890041,2.80749,10.9115164652
31.3,66.4,95.29,86.58,8.962,41.4,8.155,4.0655,78.52650134,2.924905,10.1889168856
31.3,66.5,104.68,92.46,11.915,45.0,8.0405,4.396,79.73319448,3.000888,9.2639045083
31.3,66.5,105.38,92.1,14.401,56.4,7.9978,3.7539,76.24636875,2.48823,8.3924810946
31.3,66.5,79.6,69.4,5.78,31.8,7.2801,4.0575,78.29463817,2.152163,10.3341285058
31.3,66.6,88.36,80.12,7.886,41.5,7.6951,3.7792,80.87562378,2.527373,12.6379340841
31.3,66.6,92.53,85.89,7.528,41.6,8.1416,4.0597,77.90736036,2.529021,9.964598226
31.3,66.6,93.21,83.08,8.669,35.3,7.729,4.4554,82.49114014,2.835855,12.8395438304
31.3,66.7,110.87,99.27,7.865,41.3,8.2318,3.5572,71.05230774,2.02634,7.072847345
31.3,66.7,114.67,100.42,14.415,45.4,8.6454,4.6507,73.80657895,3.083164,10.8148282448
31.3,66.7,120.2,102.11,19.386,54.4,8.5963,3.85,82.10517809,3.827367,11.2267501029
31.3,66.7,124.18,106.52,17.06,45.8,8.4134,4.3921,81.66287355,2.83842,8.1383464998
31.3,66.7,89.54,79.45,10.146,51.9,6.6779,3.5019,89.84394382,2.607512,10.794904673
31.3,66.8,105.0,92.16,14.933,43.3,7.9723,4.4152,79.5009864,2.656264,9.3271591778
31.3,66.8,84.25,77.7,6.549,40.2,7.7533,4.0173,84.22868705,2.871696,11.1997755672
31.3,66.9,104.4,93.79,7.967,41.1,8.6444,3.4769,77.22163959,3.091164,11.190693368
31.3,66.9,94.76,84.62,13.067,43.9,7.6562,4.4477,91.0571215,3.279538,10.4262376792
31.3,67.0,116.22,100.72,15.625,44.4,8.4805,4.3728,83.33041826,3.29739,12.1007015239
31.3,67.0,121.85,105.18,14.616,43.1,8.9803,4.5783,76.93841575,3.757523,12.9650567295
31.3,67.0,90.31,83.82,9.047,34.8,8.2362,4.2555,89.74977325,2.916854,10.6764167262
31.3,67.0,96.63,88.55,9.225,41.1,8.4215,3.7147,88.09300236,3.359978,11.6729331946
31.3,67.0,98.82,88.03,11.326,48.8,7.8514,3.3934,89.35510296,2.951019,11.3112186082
31.3,67.1,109.95,98.26,8.746,40.2,8.3421,3.9488,73.56292253,2.284781,8.3784364239
31.3,67.2,102.08,88.91,13.461,36.2,8.2711,5.4418,82.04376553,2.680982,9.7766858588
31.3,67.2,103.61,88.54,20.22,59.5,6.3293,4.0255,77.27072949,1.666477,6.7515102169
31.3,67.2,94.14,83.03,11.712,41.8,7.9973,3.7656,80.0480703,2.194958,8.5340940403
31.3,67.3,112.42,96.8,15.278,47.5,7.0131,4.3382,74.57917443,1.960558,5.1654923451
31.3,67.3,112.54,98.56,15.193,44.5,8.2692,4.2049,74.92111957,2.509176,10.1041281155
31.3,67.3,123.85,104.69,20.22,52.7,8.5047,4.9564,77.35444004,3.562536,11.1049976628
31.3,67.4,111.06,96.26,16.571,46.4,8.5237,4.6354,79.42003965,3.356754,11.6886734688
31.3,67.6,111.49,96.75,12.412,40.7,8.4246,4.1122,73.49938109,2.668547,10.7375754307
31.3,67.6,111.61,99.07,11.861,37.8,8.5052,4.0443,76.39083636,2.742356,9.6450995444
31.3,67.6,116.24,103.3,11.91,43.9,8.8667,3.6855,81.8675574,3.648452,12.1670317171
31.3,67.6,99.32,84.81,15.976,44.1,7.648,4.644,76.49823374,2.206345,10.2991107959
31.3,67.7,109.24,97.53,12.11,37.9,8.754,4.4834,88.12232529,3.223974,10.6872682926
31.3,67.7,112.35,95.26,18.415,47.8,7.4872,4.4659,70.9047024,1.893906,7.9865505001
31.3,67.8,113.73,98.56,17.029,53.7,8.0877,3.9881,76.69197114,2.402288,8.7791651322
31.3,67.8,116.11,100.13,19.495,52.0,7.907,4.4086,81.72351055,3.159552,9.8853273972
31.3,67.8,124.02,107.26,18.073,49.6,8.6781,4.2426,81.74657155,3.759627,12.0495234102
31.3,67.8,83.75,72.09,10.351,42.8,6.5603,4.6578,81.94244492,1.400429,5.634697208
31.3,67.8,87.23,81.62,4.199,29.0,8.4179,4.5412,80.99097167,2.615533,10.3463226872
31.3,68.0,101.84,87.35,16.397,51.9,7.6757,4.3054,85.58912974,2.963356,10.3477871495
31.3,68.1,108.58,94.43,14.084,41.7,7.5031,4.4338,68.81531518,1.648811,7.327833264
31.3,68.1,119.41,100.52,20.22,52.5,7.8267,3.9149,70.95418816,2.431263,8.516306405
31.3,68.1,121.67,105.16,16.156,47.4,8.4936,4.1895,78.09572823,3.50746,10.9079821871
31.3,68.2,120.04,101.9,20.22,51.2,8.3769,3.9195,75.28214716,2.779097,10.2384875245
31.3,68.2,87.94,79.41,9.019,38.4,7.3385,3.9883,74.14189189,1.794298,8.6492848751
31.3,68.3,108.05,95.67,12.384,44.6,7.9469,4.0574,81.57840525,2.620838,10.7609266881
31.3,68.3,87.13,79.04,5.618,34.6,8.0177,3.9847,76.8031615,2.565948,11.8224846321
31.3,68.4,105.64,89.3,17.349,48.0,7.6088,4.5112,82.13428658,2.869744,10.1833493588
31.3,68.4,110.24,94.13,16.119,50.0,8.1005,4.1099,74.27451951,2.391012,7.8844299008
31.3,68.4,94.78,86.81,6.691,35.8,7.9948,4.3549,80.02998206,2.804338,11.7910878325
31.3,68.4,95.52,84.42,11.43,42.2,7.2521,4.2992,80.47950906,1.762045,7.1389132823
31.3,68.6,108.68,93.55,12.634,43.8,8.5216,3.8264,82.52771945,3.3859,11.4628657329
31.3,68.7,106.04,91.13,15.436,49.8,7.8878,3.9354,80.77823383,3.257786,10.3627166252
31.3,68.7,117.53,101.03,15.967,50.3,7.9916,4.0057,76.39954164,2.451071,7.9660905712
31.3,68.8,120.6,104.51,15.273,43.2,8.2925,4.206,66.84182905,1.564849,5.1941844027
31.3,68.8,83.61,73.36,10.115,40.4,7.1906,3.9888,89.25969648,2.602553,8.9902818617
31.3,68.9,117.72,102.98,15.417,49.4,8.6929,3.8806,82.91659406,3.552707,9.4300674743
31.3,68.9,124.05,107.22,14.52,37.5,8.9106,4.2347,74.25663573,3.836515,11.3696691166
31.3,69.0,121.34,104.35,16.981,50.3,8.1904,3.6916,77.33880058,3.000635,8.0907677282
31.3,69.0,97.95,84.64,13.148,43.0,7.5493,4.316,81.1534077,2.398267,8.472338528
31.3,69.1,120.74,103.9,18.887,45.3,8.5032,4.2738,76.05725038,3.593224,12.6564663618
31.3,69.3,86.06,79.43,8.431,36.0,7.7267,3.8481,80.35046249,1.976374,7.6564584773
31.3,69.4,103.78,92.96,12.348,41.7,8.1805,4.1323,78.7692288,2.704104,9.6506224313
31.3,69.4,106.36,92.43,12.228,38.6,8.2414,4.5218,82.94242445,3.447999,12.714032739
31.3,69.4,114.23,97.76,16.253,41.4,7.9779,4.0076,74.01028708,2.408153,6.5051634453
31.3,69.8,119.46,103.24,15.973,42.3,8.1794,4.2229,76.94040853,3.07402,10.7400687463
31.3,70.0,107.1,94.63,16.334,51.3,7.1715,3.8255,86.0691335,2.901194,9.8459287644
31.3,70.0,107.47,94.12,14.53,42.1,8.2061,4.227,87.32891577,3.446622,10.6792781597
31.3,70.0,110.86,96.4,15.193,38.4,8.2602,4.2085,73.01491341,2.21047,8.850355034
31.3,70.0,110.98,97.87,17.276,41.4,7.61,4.2437,71.87683617,1.975038,8.0813288352
31.3,70.0,116.42,101.69,19.35,40.3,8.5623,4.9953,83.17543387,3.433624,11.3064810827
31.3,70.0,123.21,106.07,19.2,47.6,8.2855,4.0548,84.27076218,3.776301,9.4586409568
31.3,70.0,90.82,78.3,19.42,55.5,6.3891,3.8499,96.87920933,2.995005,9.4392089345
